{
  "token_acc": 0.9992023928215354,
  "token_p": 0.9970089730807578,
  "token_r": 0.9977052778609199,
  "token_f": 0.9973570039395601,
  "sents_p": 0.9842105263157894,
  "sents_r": 0.9929203539823008,
  "sents_f": 0.9885462555066078,
  "tag_acc": 0.9847290148717437,
  "pos_acc": 0.9856779280403214,
  "morph_acc": 0.981437125748503,
  "morph_micro_p": 0.9910058541777541,
  "morph_micro_r": 0.9876942661645361,
  "morph_micro_f": 0.9893472890045958,
  "morph_per_feat": {
    "NumType": {
      "p": 0.9876543209876543,
      "r": 0.9302325581395349,
      "f": 0.9580838323353293
    },
    "Degree": {
      "p": 0.9894736842105263,
      "r": 0.9715762273901809,
      "f": 0.9804432855280313
    },
    "Number": {
      "p": 0.9884148064424979,
      "r": 0.9859075535512966,
      "f": 0.987159587977988
    },
    "Definite": {
      "p": 0.9858490566037735,
      "r": 0.983739837398374,
      "f": 0.9847933176269008
    },
    "Gender": {
      "p": 0.9869901547116737,
      "r": 0.9838766211005958,
      "f": 0.9854309285588906
    },
    "Mood": {
      "p": 0.9971126082771896,
      "r": 0.9942418426103646,
      "f": 0.995675156174916
    },
    "Tense": {
      "p": 0.990646921278254,
      "r": 0.990646921278254,
      "f": 0.990646921278254
    },
    "VerbForm": {
      "p": 0.992467043314501,
      "r": 0.9918444165621079,
      "f": 0.9921556322560402
    },
    "Voice": {
      "p": 0.9970126960418223,
      "r": 0.9955257270693513,
      "f": 0.996268656716418
    },
    "AdpType": {
      "p": 0.9990689013035382,
      "r": 0.9972118959107806,
      "f": 0.998139534883721
    },
    "PronType": {
      "p": 0.9954914337240758,
      "r": 0.9963898916967509,
      "f": 0.9959404600811909
    },
    "Case": {
      "p": 0.9968652037617555,
      "r": 0.986046511627907,
      "f": 0.9914263445050663
    },
    "Person": {
      "p": 0.9930555555555556,
      "r": 0.9913344887348353,
      "f": 0.9921942758022549
    },
    "Number[psor]": {
      "p": 0.9878048780487805,
      "r": 1.0,
      "f": 0.9938650306748467
    },
    "Poss": {
      "p": 0.9878048780487805,
      "r": 1.0,
      "f": 0.9938650306748467
    },
    "PartType": {
      "p": 1.0,
      "r": 0.9962406015037594,
      "f": 0.9981167608286252
    },
    "Polite": {
      "p": 0.6666666666666666,
      "r": 0.6666666666666666,
      "f": 0.6666666666666666
    },
    "Reflex": {
      "p": 1.0,
      "r": 1.0,
      "f": 1.0
    },
    "Foreign": {
      "p": 0.5,
      "r": 0.2,
      "f": 0.28571428571428575
    },
    "Style": {
      "p": 1.0,
      "r": 1.0,
      "f": 1.0
    },
    "Abbr": {
      "p": 0.6666666666666666,
      "r": 1.0,
      "f": 0.8
    }
  },
  "dep_uas": 0.9083920563741191,
  "dep_las": 0.8833498340224797,
  "dep_las_per_type": {
    "nummod": {
      "p": 0.7948717948717948,
      "r": 0.8230088495575221,
      "f": 0.8086956521739128
    },
    "amod": {
      "p": 0.8978102189781022,
      "r": 0.9027522935779817,
      "f": 0.9002744739249772
    },
    "nmod": {
      "p": 0.7712418300653595,
      "r": 0.7729257641921398,
      "f": 0.772082878953108
    },
    "nsubj": {
      "p": 0.951063829787234,
      "r": 0.946031746031746,
      "f": 0.9485411140583554
    },
    "flat": {
      "p": 0.9285714285714286,
      "r": 0.9680851063829787,
      "f": 0.9479166666666666
    },
    "cc": {
      "p": 0.8681672025723473,
      "r": 0.8940397350993378,
      "f": 0.8809135399673735
    },
    "conj": {
      "p": 0.8862275449101796,
      "r": 0.8554913294797688,
      "f": 0.8705882352941177
    },
    "root": {
      "p": 0.926056338028169,
      "r": 0.9309734513274336,
      "f": 0.9285083848190644
    },
    "advmod": {
      "p": 0.8871715610510046,
      "r": 0.8605697151424287,
      "f": 0.8736681887366818
    },
    "mark": {
      "p": 0.9148471615720524,
      "r": 0.933184855233853,
      "f": 0.9239250275633957
    },
    "aux": {
      "p": 0.9875389408099688,
      "r": 0.9753846153846154,
      "f": 0.9814241486068113
    },
    "ccomp": {
      "p": 0.7764705882352941,
      "r": 0.8354430379746836,
      "f": 0.8048780487804879
    },
    "case": {
      "p": 0.9348986125933831,
      "r": 0.919202518363064,
      "f": 0.926984126984127
    },
    "det": {
      "p": 0.9409448818897638,
      "r": 0.9637096774193549,
      "f": 0.952191235059761
    },
    "obl": {
      "p": 0.847682119205298,
      "r": 0.8114104595879557,
      "f": 0.8291497975708503
    },
    "nmod:poss": {
      "p": 0.8181818181818182,
      "r": 0.8256880733944955,
      "f": 0.821917808219178
    },
    "obj": {
      "p": 0.8943533697632058,
      "r": 0.9352380952380952,
      "f": 0.914338919925512
    },
    "cop": {
      "p": 0.8944099378881988,
      "r": 0.8834355828220859,
      "f": 0.8888888888888888
    },
    "acl:relcl": {
      "p": 0.834319526627219,
      "r": 0.7704918032786885,
      "f": 0.8011363636363636
    },
    "advcl": {
      "p": 0.6742857142857143,
      "r": 0.7564102564102564,
      "f": 0.7129909365558912
    },
    "dep": {
      "p": 0.11363636363636363,
      "r": 0.3333333333333333,
      "f": 0.16949152542372878
    },
    "compound:prt": {
      "p": 0.6666666666666666,
      "r": 0.5882352941176471,
      "f": 0.625
    },
    "fixed": {
      "p": 0.9473684210526315,
      "r": 0.8709677419354839,
      "f": 0.9075630252100839
    },
    "iobj": {
      "p": 0.7692307692307693,
      "r": 0.6666666666666666,
      "f": 0.7142857142857142
    },
    "appos": {
      "p": 0.8181818181818182,
      "r": 0.7105263157894737,
      "f": 0.7605633802816901
    },
    "obl:tmod": {
      "p": 0.5,
      "r": 0.3125,
      "f": 0.38461538461538464
    },
    "advmod:lmod": {
      "p": 0.7678571428571429,
      "r": 0.8958333333333334,
      "f": 0.8269230769230769
    },
    "xcomp": {
      "p": 0.8913043478260869,
      "r": 0.640625,
      "f": 0.7454545454545454
    },
    "expl": {
      "p": 0.9230769230769231,
      "r": 0.9230769230769231,
      "f": 0.9230769230769231
    },
    "list": {
      "p": 0.5714285714285714,
      "r": 0.23529411764705882,
      "f": 0.3333333333333333
    },
    "obl:lmod": {
      "p": 0.25,
      "r": 0.3333333333333333,
      "f": 0.28571428571428575
    },
    "parataxis": {
      "p": 0.0,
      "r": 0.0,
      "f": 0.0
    },
    "orphan": {
      "p": 0.0,
      "r": 0.0,
      "f": 0.0
    },
    "vocative": {
      "p": 0.0,
      "r": 0.0,
      "f": 0.0
    },
    "discourse": {
      "p": 0.0,
      "r": 0.0,
      "f": 0.0
    },
    "dislocated": {
      "p": 0.0,
      "r": 0.0,
      "f": 0.0
    },
    "compound": {
      "p": 0.0,
      "r": 0.0,
      "f": 0.0
    }
  },
  "ents_p": 0.8708487084870848,
  "ents_r": 0.8458781362007168,
  "ents_f": 0.8581818181818182,
  "ents_per_type": {
    "MISC": {
      "p": 0.8301886792452831,
      "r": 0.7272727272727273,
      "f": 0.775330396475771
    },
    "ORG": {
      "p": 0.8611111111111112,
      "r": 0.7701863354037267,
      "f": 0.8131147540983606
    },
    "LOC": {
      "p": 0.8543689320388349,
      "r": 0.9166666666666666,
      "f": 0.8844221105527638
    },
    "PER": {
      "p": 0.91005291005291,
      "r": 0.9555555555555556,
      "f": 0.932249322493225
    }
  },
  "lemma_acc": 0.941980543776503,
  "coref_lea_f1": 0.4118366346040428,
  "coref_lea_precision": 0.4889169082791826,
  "coref_lea_recall": 0.35575070075695503,
  "nel_score": 0.8012422360248448,
  "nel_score_desc": "micro F",
  "nel_micro_p": 0.9923076923076923,
  "nel_micro_r": 0.671875,
  "nel_micro_f": 0.8012422360248448,
  "nel_macro_p": 0.9939024390243902,
  "nel_macro_r": 0.6598989463580249,
  "nel_macro_f": 0.7815238616429242,
  "nel_f_per_type": {
    "MISC": {
      "p": 1.0,
      "r": 0.4117647058823529,
      "f": 0.5833333333333334
    },
    "PER": {
      "p": 1.0,
      "r": 0.7540983606557377,
      "f": 0.8598130841121495
    },
    "LOC": {
      "p": 1.0,
      "r": 0.8285714285714286,
      "f": 0.90625
    },