{
  "token_acc":0.9991508916,
  "token_p":0.9965066374,
  "token_r":0.9961089494,
  "token_f":0.9963077537,
  "pos_acc":0.9771251623,
  "morph_acc":0.9730782678,
  "morph_per_feat":{
    "NumType":{
      "p":0.9940828402,
      "r":0.976744186,
      "f":0.9853372434
    },
    "Degree":{
      "p":0.9816272966,
      "r":0.9664082687,
      "f":0.9739583333
    },
    "Number":{
      "p":0.9874643875,
      "r":0.9768883878,
      "f":0.9821479173
    },
    "Definite":{
      "p":0.9891351586,
      "r":0.97389816,
      "f":0.9814575248
    },
    "Gender":{
      "p":0.9766040411,
      "r":0.9656501928,
      "f":0.9710962284
    },
    "Mood":{
      "p":0.9942473634,
      "r":0.9952015355,
      "f":0.9947242206
    },
    "Tense":{
      "p":0.9882537197,
      "r":0.9836321122,
      "f":0.9859375
    },
    "VerbForm":{
      "p":0.9905183312,
      "r":0.9830614806,
      "f":0.9867758186
    },
    "Voice":{
      "p":0.9940164547,
      "r":0.9910514541,
      "f":0.9925317401
    },
    "AdpType":{
      "p":0.9981378026,
      "r":0.9962825279,
      "f":0.9972093023
    },
    "PronType":{
      "p":0.9918256131,
      "r":0.9855595668,
      "f":0.9886826618
    },
    "Case":{
      "p":0.9984227129,
      "r":0.9813953488,
      "f":0.9898358092
    },
    "Person":{
      "p":0.9947552448,
      "r":0.986135182,
      "f":0.9904264578
    },
    "Number[psor]":{
      "p":1.0,
      "r":1.0,
      "f":1.0
    },
    "Poss":{
      "p":1.0,
      "r":1.0,
      "f":1.0
    },
    "PartType":{
      "p":1.0,
      "r":0.9966442953,
      "f":0.9983193277
    },
    "Reflex":{
      "p":1.0,
      "r":1.0,
      "f":1.0
    },
    "Foreign":{
      "p":0.0,
      "r":0.0,
      "f":0.0
    },
    "Style":{
      "p":1.0,
      "r":1.0,
      "f":1.0
    },
    "Polite":{
      "p":0.0,
      "r":0.0,
      "f":0.0
    },
    "Abbr":{
      "p":0.5,
      "r":0.5,
      "f":0.5
    }
  },
  "sents_p":0.8390410959,
  "sents_r":0.8672566372,
  "sents_f":0.8529155788,
  "dep_uas":0.8767027593,
  "dep_las":0.8466329084,
  "dep_las_per_type":{
    "nummod":{
      "p":0.8363636364,
      "r":0.8070175439,
      "f":0.8214285714
    },
    "amod":{
      "p":0.8821362799,
      "r":0.8772893773,
      "f":0.8797061524
    },
    "nmod":{
      "p":0.7676056338,
      "r":0.7202643172,
      "f":0.7431818182
    },
    "nsubj":{
      "p":0.9074658254,
      "r":0.9112988384,
      "f":0.9093782929
    },
    "flat":{
      "p":0.935483871,
      "r":0.9255319149,
      "f":0.9304812834
    },
    "cc":{
      "p":0.8403908795,
      "r":0.8514851485,
      "f":0.8459016393
    },
    "conj":{
      "p":0.7768361582,
      "r":0.7971014493,
      "f":0.7868383405
    },
    "root":{
      "p":0.8423728814,
      "r":0.8796460177,
      "f":0.8606060606
    },
    "advmod":{
      "p":0.7872928177,
      "r":0.7894736842,
      "f":0.7883817427
    },
    "mark":{
      "p":0.9346405229,
      "r":0.9225806452,
      "f":0.9285714286
    },
    "aux":{
      "p":0.9037267081,
      "r":0.8953846154,
      "f":0.8995363215
    },
    "ccomp":{
      "p":0.6818181818,
      "r":0.7594936709,
      "f":0.7185628743
    },
    "case":{
      "p":0.9262032086,
      "r":0.9096638655,
      "f":0.9178590355
    },
    "det":{
      "p":0.9371316306,
      "r":0.9616935484,
      "f":0.9492537313
    },
    "obl":{
      "p":0.8104575163,
      "r":0.7974276527,
      "f":0.8038897893
    },
    "nmod:poss":{
      "p":0.7339449541,
      "r":0.7339449541,
      "f":0.7339449541
    },
    "obj":{
      "p":0.8811320755,
      "r":0.896353167,
      "f":0.88867745
    },
    "cop":{
      "p":0.8426966292,
      "r":0.8522727273,
      "f":0.8474576271
    },
    "acl:relcl":{
      "p":0.7134831461,
      "r":0.693989071,
      "f":0.703601108
    },
    "compound:prt":{
      "p":0.6666666667,
      "r":0.5882352941,
      "f":0.625
    },
    "advcl":{
      "p":0.7272727273,
      "r":0.6857142857,
      "f":0.7058823529
    },
    "fixed":{
      "p":0.9818181818,
      "r":0.8571428571,
      "f":0.9152542373
    },
    "dep":{
      "p":0.1184210526,
      "r":0.3103448276,
      "f":0.1714285714
    },
    "iobj":{
      "p":0.7777777778,
      "r":0.4666666667,
      "f":0.5833333333
    },
    "appos":{
      "p":0.575,
      "r":0.6052631579,
      "f":0.5897435897
    },
    "obl:tmod":{
      "p":0.6,
      "r":0.375,
      "f":0.4615384615
    },
    "xcomp":{
      "p":0.7647058824,
      "r":0.5098039216,
      "f":0.6117647059
    },
    "obl:loc":{
      "p":0.7321428571,
      "r":0.8039215686,
      "f":0.7663551402
    },
    "expl":{
      "p":0.9428571429,
      "r":0.8461538462,
      "f":0.8918918919
    },
    "list":{
      "p":0.3076923077,
      "r":0.2352941176,
      "f":0.2666666667
    },
    "vocative":{
      "p":0.0,
      "r":0.0,
      "f":0.0
    },
    "discourse":{
      "p":0.0,
      "r":0.0,
      "f":0.0
    },
    "goeswith":{
      "p":0.0,
      "r":0.0,
      "f":0.0
    }
  },
  "lemma_acc":0.8439450687,
  "ents_p":0.7867647059,
  "ents_r":0.7670250896,
  "ents_f":0.77676951,
  "ents_per_type":{
    "MISC":{
      "p":0.6904761905,
      "r":0.7190082645,
      "f":0.7044534413
    },
    "PER":{
      "p":0.875,
      "r":0.8944444444,
      "f":0.8846153846
    },
    "LOC":{
      "p":0.8173076923,
      "r":0.8854166667,
      "f":0.85
    },
    "ORG":{
      "p":0.7307692308,
      "r":0.5900621118,
      "f":0.6529209622
    }
  },
  "speed":7641.7168538037
}