{
  "token_acc":0.9991508916,
  "token_p":0.9965066374,
  "token_r":0.9961089494,
  "token_f":0.9963077537,
  "pos_acc":0.9859126786,
  "morph_acc":0.9818163653,
  "morph_per_feat":{
    "NumType":{
      "p":1.0,
      "r":0.9825581395,
      "f":0.991202346
    },
    "Degree":{
      "p":0.9880952381,
      "r":0.9651162791,
      "f":0.9764705882
    },
    "Number":{
      "p":0.987012987,
      "r":0.9853438557,
      "f":0.9861777151
    },
    "Definite":{
      "p":0.9901160292,
      "r":0.9858793325,
      "f":0.9879931389
    },
    "Gender":{
      "p":0.9835203366,
      "r":0.9831756046,
      "f":0.9833479404
    },
    "Mood":{
      "p":1.0,
      "r":0.9942418426,
      "f":0.9971126083
    },
    "Tense":{
      "p":0.992199688,
      "r":0.9914263445,
      "f":0.9918128655
    },
    "VerbForm":{
      "p":0.9912115505,
      "r":0.9905897114,
      "f":0.9909005334
    },
    "Voice":{
      "p":0.9962602842,
      "r":0.9932885906,
      "f":0.9947722181
    },
    "AdpType":{
      "p":1.0,
      "r":0.9981412639,
      "f":0.9990697674
    },
    "PronType":{
      "p":0.9927992799,
      "r":0.9954873646,
      "f":0.9941415052
    },
    "Case":{
      "p":0.9984251969,
      "r":0.9829457364,
      "f":0.990625
    },
    "Person":{
      "p":1.0,
      "r":0.9948006932,
      "f":0.9973935708
    },
    "Number[psor]":{
      "p":1.0,
      "r":1.0,
      "f":1.0
    },
    "Poss":{
      "p":1.0,
      "r":1.0,
      "f":1.0
    },
    "PartType":{
      "p":1.0,
      "r":1.0,
      "f":1.0
    },
    "Reflex":{
      "p":1.0,
      "r":1.0,
      "f":1.0
    },
    "Foreign":{
      "p":0.5,
      "r":0.2,
      "f":0.2857142857
    },
    "Style":{
      "p":1.0,
      "r":1.0,
      "f":1.0
    },
    "Polite":{
      "p":1.0,
      "r":1.0,
      "f":1.0
    },
    "Abbr":{
      "p":1.0,
      "r":1.0,
      "f":1.0
    }
  },
  "sents_p":0.9627659574,
  "sents_r":0.9610619469,
  "sents_f":0.9619131975,
  "dep_uas":0.9043316038,
  "dep_las":0.8796128957,
  "dep_las_per_type":{
    "nummod":{
      "p":0.8828828829,
      "r":0.8596491228,
      "f":0.8711111111
    },
    "amod":{
      "p":0.904315197,
      "r":0.8827838828,
      "f":0.8934198332
    },
    "nmod":{
      "p":0.7941176471,
      "r":0.7731277533,
      "f":0.7834821429
    },
    "nsubj":{
      "p":0.9424920128,
      "r":0.934530095,
      "f":0.9384941676
    },
    "flat":{
      "p":0.9405405405,
      "r":0.9255319149,
      "f":0.9329758713
    },
    "cc":{
      "p":0.8877887789,
      "r":0.8877887789,
      "f":0.8877887789
    },
    "conj":{
      "p":0.8629737609,
      "r":0.8579710145,
      "f":0.8604651163
    },
    "root":{
      "p":0.9187279152,
      "r":0.9203539823,
      "f":0.9195402299
    },
    "advmod":{
      "p":0.8487394958,
      "r":0.8393351801,
      "f":0.8440111421
    },
    "mark":{
      "p":0.9230769231,
      "r":0.9290322581,
      "f":0.9260450161
    },
    "aux":{
      "p":0.9470404984,
      "r":0.9353846154,
      "f":0.9411764706
    },
    "ccomp":{
      "p":0.7752808989,
      "r":0.8734177215,
      "f":0.8214285714
    },
    "case":{
      "p":0.9367631297,
      "r":0.9180672269,
      "f":0.9273209549
    },
    "det":{
      "p":0.9383697813,
      "r":0.9516129032,
      "f":0.9449449449
    },
    "obl":{
      "p":0.8492706645,
      "r":0.8424437299,
      "f":0.8458434221
    },
    "nmod:poss":{
      "p":0.7545454545,
      "r":0.7614678899,
      "f":0.7579908676
    },
    "obj":{
      "p":0.9065420561,
      "r":0.9309021113,
      "f":0.9185606061
    },
    "cop":{
      "p":0.8920454545,
      "r":0.8920454545,
      "f":0.8920454545
    },
    "acl:relcl":{
      "p":0.7808988764,
      "r":0.7595628415,
      "f":0.7700831025
    },
    "compound:prt":{
      "p":0.6060606061,
      "r":0.5882352941,
      "f":0.5970149254
    },
    "advcl":{
      "p":0.8736842105,
      "r":0.7904761905,
      "f":0.83
    },
    "fixed":{
      "p":0.9482758621,
      "r":0.873015873,
      "f":0.9090909091
    },
    "dep":{
      "p":0.13,
      "r":0.4482758621,
      "f":0.2015503876
    },
    "iobj":{
      "p":0.9166666667,
      "r":0.7333333333,
      "f":0.8148148148
    },
    "appos":{
      "p":0.7741935484,
      "r":0.6315789474,
      "f":0.6956521739
    },
    "obl:tmod":{
      "p":0.625,
      "r":0.3125,
      "f":0.4166666667
    },
    "xcomp":{
      "p":0.8222222222,
      "r":0.7254901961,
      "f":0.7708333333
    },
    "obl:loc":{
      "p":0.847826087,
      "r":0.7647058824,
      "f":0.8041237113
    },
    "expl":{
      "p":0.9444444444,
      "r":0.8717948718,
      "f":0.9066666667
    },
    "list":{
      "p":0.3,
      "r":0.1764705882,
      "f":0.2222222222
    },
    "vocative":{
      "p":0.0,
      "r":0.0,
      "f":0.0
    },
    "discourse":{
      "p":0.0,
      "r":0.0,
      "f":0.0
    },
    "goeswith":{
      "p":0.0,
      "r":0.0,
      "f":0.0
    }
  },
  "lemma_acc":0.8439450687,
  "ents_p":0.8552875696,
  "ents_r":0.8261648746,
  "ents_f":0.8404740201,
  "ents_per_type":{
    "MISC":{
      "p":0.7822580645,
      "r":0.8016528926,
      "f":0.7918367347
    },
    "PER":{
      "p":0.8958333333,
      "r":0.9555555556,
      "f":0.9247311828
    },
    "LOC":{
      "p":0.8224299065,
      "r":0.9166666667,
      "f":0.8669950739
    },
    "ORG":{
      "p":0.8965517241,
      "r":0.6459627329,
      "f":0.7509025271
    }
  },
  "speed":4180.4970338708
}