{
  "token_acc":0.9991508916,
  "token_p":0.9965066374,
  "token_r":0.9961089494,
  "token_f":0.9963077537,
  "pos_acc":0.9843648534,
  "morph_acc":0.9803686498,
  "morph_per_feat":{
    "NumType":{
      "p":1.0,
      "r":0.9825581395,
      "f":0.991202346
    },
    "Degree":{
      "p":0.9804177546,
      "r":0.9702842377,
      "f":0.9753246753
    },
    "Number":{
      "p":0.9883984154,
      "r":0.9844983089,
      "f":0.9864445072
    },
    "Definite":{
      "p":0.9918032787,
      "r":0.9837398374,
      "f":0.987755102
    },
    "Gender":{
      "p":0.9855532065,
      "r":0.9803715387,
      "f":0.9829555438
    },
    "Mood":{
      "p":0.9990356798,
      "r":0.9942418426,
      "f":0.9966329966
    },
    "Tense":{
      "p":0.9929522318,
      "r":0.9883086516,
      "f":0.990625
    },
    "VerbForm":{
      "p":0.9924337957,
      "r":0.9874529486,
      "f":0.9899371069
    },
    "Voice":{
      "p":0.9970037453,
      "r":0.9925428784,
      "f":0.9947683109
    },
    "AdpType":{
      "p":1.0,
      "r":0.9981412639,
      "f":0.9990697674
    },
    "PronType":{
      "p":0.9927927928,
      "r":0.9945848375,
      "f":0.9936880072
    },
    "Case":{
      "p":0.9984202212,
      "r":0.9798449612,
      "f":0.9890453834
    },
    "Person":{
      "p":1.0,
      "r":0.993067591,
      "f":0.9965217391
    },
    "Number[psor]":{
      "p":1.0,
      "r":1.0,
      "f":1.0
    },
    "Poss":{
      "p":1.0,
      "r":1.0,
      "f":1.0
    },
    "PartType":{
      "p":1.0,
      "r":1.0,
      "f":1.0
    },
    "Reflex":{
      "p":1.0,
      "r":1.0,
      "f":1.0
    },
    "Foreign":{
      "p":0.5,
      "r":0.2,
      "f":0.2857142857
    },
    "Style":{
      "p":1.0,
      "r":1.0,
      "f":1.0
    },
    "Polite":{
      "p":1.0,
      "r":0.6666666667,
      "f":0.8
    },
    "Abbr":{
      "p":1.0,
      "r":1.0,
      "f":1.0
    }
  },
  "sents_p":0.9436619718,
  "sents_r":0.9486725664,
  "sents_f":0.9461606355,
  "dep_uas":0.9047674554,
  "dep_las":0.8808718965,
  "dep_las_per_type":{
    "nummod":{
      "p":0.8888888889,
      "r":0.8421052632,
      "f":0.8648648649
    },
    "amod":{
      "p":0.8961038961,
      "r":0.8846153846,
      "f":0.8903225806
    },
    "nmod":{
      "p":0.8004385965,
      "r":0.8039647577,
      "f":0.8021978022
    },
    "nsubj":{
      "p":0.9353128314,
      "r":0.9313621964,
      "f":0.9333333333
    },
    "flat":{
      "p":0.9408602151,
      "r":0.9308510638,
      "f":0.935828877
    },
    "cc":{
      "p":0.8827361564,
      "r":0.8943894389,
      "f":0.8885245902
    },
    "conj":{
      "p":0.8343023256,
      "r":0.831884058,
      "f":0.8330914369
    },
    "root":{
      "p":0.9173989455,
      "r":0.9238938053,
      "f":0.9206349206
    },
    "advmod":{
      "p":0.8529819695,
      "r":0.851800554,
      "f":0.8523908524
    },
    "mark":{
      "p":0.9376344086,
      "r":0.9376344086,
      "f":0.9376344086
    },
    "aux":{
      "p":0.9470404984,
      "r":0.9353846154,
      "f":0.9411764706
    },
    "ccomp":{
      "p":0.8214285714,
      "r":0.8734177215,
      "f":0.8466257669
    },
    "case":{
      "p":0.931696905,
      "r":0.9170168067,
      "f":0.9242985707
    },
    "det":{
      "p":0.9461077844,
      "r":0.9556451613,
      "f":0.9508525577
    },
    "obl":{
      "p":0.865448505,
      "r":0.8376205788,
      "f":0.8513071895
    },
    "nmod:poss":{
      "p":0.7477477477,
      "r":0.7614678899,
      "f":0.7545454545
    },
    "obj":{
      "p":0.9236641221,
      "r":0.9289827255,
      "f":0.9263157895
    },
    "cop":{
      "p":0.8666666667,
      "r":0.8863636364,
      "f":0.8764044944
    },
    "acl:relcl":{
      "p":0.7472527473,
      "r":0.7431693989,
      "f":0.7452054795
    },
    "compound:prt":{
      "p":0.75,
      "r":0.5294117647,
      "f":0.6206896552
    },
    "advcl":{
      "p":0.84,
      "r":0.8,
      "f":0.8195121951
    },
    "fixed":{
      "p":0.9642857143,
      "r":0.8571428571,
      "f":0.9075630252
    },
    "dep":{
      "p":0.1401869159,
      "r":0.5172413793,
      "f":0.2205882353
    },
    "iobj":{
      "p":0.9,
      "r":0.6,
      "f":0.72
    },
    "appos":{
      "p":0.8571428571,
      "r":0.6315789474,
      "f":0.7272727273
    },
    "obl:tmod":{
      "p":0.875,
      "r":0.4375,
      "f":0.5833333333
    },
    "xcomp":{
      "p":0.8571428571,
      "r":0.7058823529,
      "f":0.7741935484
    },
    "obl:loc":{
      "p":0.8541666667,
      "r":0.8039215686,
      "f":0.8282828283
    },
    "expl":{
      "p":0.9444444444,
      "r":0.8717948718,
      "f":0.9066666667
    },
    "list":{
      "p":0.3333333333,
      "r":0.1764705882,
      "f":0.2307692308
    },
    "vocative":{
      "p":0.0,
      "r":0.0,
      "f":0.0
    },
    "discourse":{
      "p":0.0,
      "r":0.0,
      "f":0.0
    },
    "goeswith":{
      "p":0.0,
      "r":0.0,
      "f":0.0
    }
  },
  "lemma_acc":0.8439450687,
  "ents_p":0.842883549,
  "ents_r":0.8172043011,
  "ents_f":0.8298453139,
  "ents_per_type":{
    "MISC":{
      "p":0.765625,
      "r":0.8099173554,
      "f":0.7871485944
    },
    "PER":{
      "p":0.8762886598,
      "r":0.9444444444,
      "f":0.9090909091
    },
    "LOC":{
      "p":0.8349514563,
      "r":0.8958333333,
      "f":0.864321608
    },
    "ORG":{
      "p":0.8793103448,
      "r":0.6335403727,
      "f":0.7364620939
    }
  },
  "speed":4151.3968556105
}