{
  "token_acc":0.9991508916,
  "token_p":0.9965066374,
  "token_r":0.9961089494,
  "token_f":0.9963077537,
  "pos_acc":0.9779220779,
  "morph_acc":0.9731268731,
  "morph_per_feat":{
    "NumType":{
      "p":1.0,
      "r":0.976744186,
      "f":0.9882352941
    },
    "Degree":{
      "p":0.9765013055,
      "r":0.9664082687,
      "f":0.9714285714
    },
    "Number":{
      "p":0.9874964479,
      "r":0.9794250282,
      "f":0.9834441772
    },
    "Definite":{
      "p":0.9891634157,
      "r":0.9764655541,
      "f":0.9827734711
    },
    "Gender":{
      "p":0.9766371681,
      "r":0.9670522257,
      "f":0.9718210638
    },
    "Mood":{
      "p":0.9932885906,
      "r":0.9942418426,
      "f":0.993764988
    },
    "Tense":{
      "p":0.9897798742,
      "r":0.9812938426,
      "f":0.985518591
    },
    "VerbForm":{
      "p":0.9904942966,
      "r":0.9805520703,
      "f":0.9854981084
    },
    "Voice":{
      "p":0.9940164547,
      "r":0.9910514541,
      "f":0.9925317401
    },
    "AdpType":{
      "p":0.9972093023,
      "r":0.9962825279,
      "f":0.9967456997
    },
    "PronType":{
      "p":0.9891500904,
      "r":0.9873646209,
      "f":0.9882565492
    },
    "Case":{
      "p":0.9984177215,
      "r":0.9782945736,
      "f":0.9882537197
    },
    "Person":{
      "p":0.9947460595,
      "r":0.9844020797,
      "f":0.9895470383
    },
    "Number[psor]":{
      "p":1.0,
      "r":1.0,
      "f":1.0
    },
    "Poss":{
      "p":1.0,
      "r":1.0,
      "f":1.0
    },
    "PartType":{
      "p":1.0,
      "r":0.9966442953,
      "f":0.9983193277
    },
    "Reflex":{
      "p":1.0,
      "r":1.0,
      "f":1.0
    },
    "Foreign":{
      "p":0.0,
      "r":0.0,
      "f":0.0
    },
    "Style":{
      "p":1.0,
      "r":1.0,
      "f":1.0
    },
    "Polite":{
      "p":0.0,
      "r":0.0,
      "f":0.0
    },
    "Abbr":{
      "p":0.3333333333,
      "r":0.5,
      "f":0.4
    }
  },
  "sents_p":0.8413793103,
  "sents_r":0.8637168142,
  "sents_f":0.8524017467,
  "dep_uas":0.8763246768,
  "dep_las":0.8464628821,
  "dep_las_per_type":{
    "nummod":{
      "p":0.8545454545,
      "r":0.8245614035,
      "f":0.8392857143
    },
    "amod":{
      "p":0.8747697974,
      "r":0.86996337,
      "f":0.8723599633
    },
    "nmod":{
      "p":0.7294372294,
      "r":0.7422907489,
      "f":0.7358078603
    },
    "nsubj":{
      "p":0.902617801,
      "r":0.9102428722,
      "f":0.9064143007
    },
    "flat":{
      "p":0.9361702128,
      "r":0.9361702128,
      "f":0.9361702128
    },
    "cc":{
      "p":0.8371335505,
      "r":0.8481848185,
      "f":0.8426229508
    },
    "conj":{
      "p":0.8058823529,
      "r":0.7942028986,
      "f":0.8
    },
    "root":{
      "p":0.8461538462,
      "r":0.8761061947,
      "f":0.8608695652
    },
    "advmod":{
      "p":0.8172804533,
      "r":0.7991689751,
      "f":0.8081232493
    },
    "mark":{
      "p":0.9270386266,
      "r":0.9290322581,
      "f":0.9280343716
    },
    "aux":{
      "p":0.907120743,
      "r":0.9015384615,
      "f":0.9043209877
    },
    "ccomp":{
      "p":0.7176470588,
      "r":0.7721518987,
      "f":0.743902439
    },
    "case":{
      "p":0.9098621421,
      "r":0.9012605042,
      "f":0.9055408971
    },
    "det":{
      "p":0.9330708661,
      "r":0.9556451613,
      "f":0.9442231076
    },
    "obl":{
      "p":0.8063973064,
      "r":0.770096463,
      "f":0.7878289474
    },
    "nmod:poss":{
      "p":0.7064220183,
      "r":0.7064220183,
      "f":0.7064220183
    },
    "obj":{
      "p":0.9031007752,
      "r":0.8944337812,
      "f":0.8987463838
    },
    "cop":{
      "p":0.8406593407,
      "r":0.8693181818,
      "f":0.8547486034
    },
    "acl:relcl":{
      "p":0.7288135593,
      "r":0.7049180328,
      "f":0.7166666667
    },
    "compound:prt":{
      "p":0.6571428571,
      "r":0.6764705882,
      "f":0.6666666667
    },
    "advcl":{
      "p":0.73,
      "r":0.6952380952,
      "f":0.712195122
    },
    "fixed":{
      "p":1.0,
      "r":0.8571428571,
      "f":0.9230769231
    },
    "dep":{
      "p":0.1058823529,
      "r":0.3103448276,
      "f":0.1578947368
    },
    "iobj":{
      "p":0.8,
      "r":0.5333333333,
      "f":0.64
    },
    "appos":{
      "p":0.6486486486,
      "r":0.6315789474,
      "f":0.64
    },
    "obl:tmod":{
      "p":0.6666666667,
      "r":0.375,
      "f":0.48
    },
    "xcomp":{
      "p":0.7142857143,
      "r":0.4901960784,
      "f":0.5813953488
    },
    "obl:loc":{
      "p":0.7884615385,
      "r":0.8039215686,
      "f":0.7961165049
    },
    "expl":{
      "p":0.9166666667,
      "r":0.8461538462,
      "f":0.88
    },
    "list":{
      "p":0.3333333333,
      "r":0.2352941176,
      "f":0.275862069
    },
    "vocative":{
      "p":0.0,
      "r":0.0,
      "f":0.0
    },
    "discourse":{
      "p":0.0,
      "r":0.0,
      "f":0.0
    },
    "goeswith":{
      "p":0.0,
      "r":0.0,
      "f":0.0
    }
  },
  "lemma_acc":0.8439450687,
  "ents_p":0.8,
  "ents_r":0.7598566308,
  "ents_f":0.7794117647,
  "ents_per_type":{
    "MISC":{
      "p":0.7288135593,
      "r":0.7107438017,
      "f":0.719665272
    },
    "PER":{
      "p":0.8784530387,
      "r":0.8833333333,
      "f":0.8808864266
    },
    "LOC":{
      "p":0.787037037,
      "r":0.8854166667,
      "f":0.8333333333
    },
    "ORG":{
      "p":0.7642276423,
      "r":0.5838509317,
      "f":0.661971831
    }
  },
  "speed":8037.6497837837
}