{
  "token_acc":0.9991508916,
  "token_p":0.9965066374,
  "token_r":0.9961089494,
  "token_f":0.9963077537,
  "pos_acc":0.959040959,
  "morph_acc":0.9568431568,
  "morph_per_feat":{
    "NumType":{
      "p":0.993902439,
      "r":0.9476744186,
      "f":0.9702380952
    },
    "Degree":{
      "p":0.9730094467,
      "r":0.9315245478,
      "f":0.9518151815
    },
    "Number":{
      "p":0.9854354792,
      "r":0.9534949267,
      "f":0.96920212
    },
    "Definite":{
      "p":0.987093903,
      "r":0.9490800171,
      "f":0.9677137871
    },
    "Gender":{
      "p":0.9754512635,
      "r":0.9470732562,
      "f":0.9610528188
    },
    "Mood":{
      "p":0.9951171875,
      "r":0.9779270633,
      "f":0.986447241
    },
    "Tense":{
      "p":0.9857142857,
      "r":0.9680436477,
      "f":0.9767990562
    },
    "VerbForm":{
      "p":0.9871877002,
      "r":0.9667503137,
      "f":0.9768621236
    },
    "Voice":{
      "p":0.9939163498,
      "r":0.9746457867,
      "f":0.984186747
    },
    "AdpType":{
      "p":1.0,
      "r":0.967472119,
      "f":0.9834671705
    },
    "PronType":{
      "p":0.9926402944,
      "r":0.9738267148,
      "f":0.983143508
    },
    "Case":{
      "p":0.992,
      "r":0.9612403101,
      "f":0.9763779528
    },
    "Person":{
      "p":0.9929824561,
      "r":0.9809358752,
      "f":0.9869224063
    },
    "Number[psor]":{
      "p":1.0,
      "r":0.987654321,
      "f":0.9937888199
    },
    "Poss":{
      "p":1.0,
      "r":0.987654321,
      "f":0.9937888199
    },
    "PartType":{
      "p":1.0,
      "r":0.9697986577,
      "f":0.9846678024
    },
    "Reflex":{
      "p":1.0,
      "r":0.9836065574,
      "f":0.9917355372
    },
    "Foreign":{
      "p":0.4,
      "r":0.4,
      "f":0.4
    },
    "Style":{
      "p":1.0,
      "r":0.75,
      "f":0.8571428571
    },
    "Polite":{
      "p":1.0,
      "r":0.6666666667,
      "f":0.8
    },
    "Abbr":{
      "p":0.5,
      "r":0.5,
      "f":0.5
    }
  },
  "sents_p":0.8772241993,
  "sents_r":0.8725663717,
  "sents_f":0.8748890861,
  "dep_uas":0.8519541581,
  "dep_las":0.8192983487,
  "dep_las_per_type":{
    "nummod":{
      "p":0.8224299065,
      "r":0.7719298246,
      "f":0.7963800905
    },
    "amod":{
      "p":0.8576923077,
      "r":0.8168498168,
      "f":0.8367729831
    },
    "nmod":{
      "p":0.7194570136,
      "r":0.7004405286,
      "f":0.7098214286
    },
    "nsubj":{
      "p":0.8994594595,
      "r":0.878563886,
      "f":0.8888888889
    },
    "flat":{
      "p":0.8048780488,
      "r":0.8776595745,
      "f":0.8396946565
    },
    "cc":{
      "p":0.8581081081,
      "r":0.8382838284,
      "f":0.8480801336
    },
    "conj":{
      "p":0.7346938776,
      "r":0.7304347826,
      "f":0.7325581395
    },
    "root":{
      "p":0.8752228164,
      "r":0.8690265487,
      "f":0.8721136767
    },
    "advmod":{
      "p":0.7956521739,
      "r":0.7603878116,
      "f":0.7776203966
    },
    "mark":{
      "p":0.9212253829,
      "r":0.9053763441,
      "f":0.9132321041
    },
    "aux":{
      "p":0.8924050633,
      "r":0.8676923077,
      "f":0.879875195
    },
    "ccomp":{
      "p":0.6666666667,
      "r":0.7341772152,
      "f":0.6987951807
    },
    "case":{
      "p":0.8962882096,
      "r":0.862394958,
      "f":0.8790149893
    },
    "det":{
      "p":0.9307535642,
      "r":0.9213709677,
      "f":0.9260385005
    },
    "obl":{
      "p":0.787414966,
      "r":0.7443729904,
      "f":0.7652892562
    },
    "nmod:poss":{
      "p":0.6542056075,
      "r":0.6422018349,
      "f":0.6481481481
    },
    "obj":{
      "p":0.8492366412,
      "r":0.8541266795,
      "f":0.8516746411
    },
    "cop":{
      "p":0.8361581921,
      "r":0.8409090909,
      "f":0.8385269122
    },
    "acl:relcl":{
      "p":0.6983240223,
      "r":0.6830601093,
      "f":0.6906077348
    },
    "compound:prt":{
      "p":0.5909090909,
      "r":0.3823529412,
      "f":0.4642857143
    },
    "advcl":{
      "p":0.7227722772,
      "r":0.6952380952,
      "f":0.7087378641
    },
    "fixed":{
      "p":0.9285714286,
      "r":0.8253968254,
      "f":0.8739495798
    },
    "iobj":{
      "p":0.5833333333,
      "r":0.4666666667,
      "f":0.5185185185
    },
    "appos":{
      "p":0.5,
      "r":0.6315789474,
      "f":0.5581395349
    },
    "obl:tmod":{
      "p":0.6,
      "r":0.375,
      "f":0.4615384615
    },
    "xcomp":{
      "p":0.7142857143,
      "r":0.4901960784,
      "f":0.5813953488
    },
    "dep":{
      "p":0.1063829787,
      "r":0.3448275862,
      "f":0.162601626
    },
    "obl:loc":{
      "p":0.701754386,
      "r":0.7843137255,
      "f":0.7407407407
    },
    "expl":{
      "p":0.9411764706,
      "r":0.8205128205,
      "f":0.8767123288
    },
    "list":{
      "p":0.3076923077,
      "r":0.2352941176,
      "f":0.2666666667
    },
    "vocative":{
      "p":0.0,
      "r":0.0,
      "f":0.0
    },
    "discourse":{
      "p":0.0,
      "r":0.0,
      "f":0.0
    },
    "goeswith":{
      "p":0.0,
      "r":0.0,
      "f":0.0
    }
  },
  "lemma_acc":0.8439450687,
  "ents_p":0.7748592871,
  "ents_r":0.7401433692,
  "ents_f":0.7571035747,
  "ents_per_type":{
    "MISC":{
      "p":0.7391304348,
      "r":0.7024793388,
      "f":0.7203389831
    },
    "PER":{
      "p":0.8611111111,
      "r":0.8611111111,
      "f":0.8611111111
    },
    "LOC":{
      "p":0.7232142857,
      "r":0.84375,
      "f":0.7788461538
    },
    "ORG":{
      "p":0.7301587302,
      "r":0.5714285714,
      "f":0.6411149826
    }
  },
  "speed":8856.3653320515
}