{
  "token_acc":0.9991508916,
  "token_p":0.9965066374,
  "token_r":0.9961089494,
  "token_f":0.9963077537,
  "pos_acc":0.9593406593,
  "morph_acc":0.9571949453,
  "morph_per_feat":{
    "NumType":{
      "p":0.993902439,
      "r":0.9476744186,
      "f":0.9702380952
    },
    "Degree":{
      "p":0.9691275168,
      "r":0.9328165375,
      "f":0.9506254115
    },
    "Number":{
      "p":0.9854651163,
      "r":0.9554678692,
      "f":0.970234688
    },
    "Definite":{
      "p":0.9849223947,
      "r":0.9503637142,
      "f":0.9673344948
    },
    "Gender":{
      "p":0.9754866619,
      "r":0.9484752892,
      "f":0.9617913631
    },
    "Mood":{
      "p":0.9980411361,
      "r":0.9779270633,
      "f":0.9878817256
    },
    "Tense":{
      "p":0.9896331738,
      "r":0.9672642245,
      "f":0.9783208514
    },
    "VerbForm":{
      "p":0.9909967846,
      "r":0.9667503137,
      "f":0.9787234043
    },
    "Voice":{
      "p":0.9969512195,
      "r":0.9753914989,
      "f":0.9860535243
    },
    "AdpType":{
      "p":0.9990403071,
      "r":0.967472119,
      "f":0.9830028329
    },
    "PronType":{
      "p":0.9917279412,
      "r":0.9738267148,
      "f":0.9826958106
    },
    "Case":{
      "p":0.9904,
      "r":0.9596899225,
      "f":0.9748031496
    },
    "Person":{
      "p":0.992970123,
      "r":0.979202773,
      "f":0.9860383944
    },
    "Number[psor]":{
      "p":1.0,
      "r":0.987654321,
      "f":0.9937888199
    },
    "Poss":{
      "p":1.0,
      "r":0.987654321,
      "f":0.9937888199
    },
    "PartType":{
      "p":1.0,
      "r":0.9697986577,
      "f":0.9846678024
    },
    "Reflex":{
      "p":1.0,
      "r":0.9836065574,
      "f":0.9917355372
    },
    "Foreign":{
      "p":0.3333333333,
      "r":0.2,
      "f":0.25
    },
    "Style":{
      "p":1.0,
      "r":0.75,
      "f":0.8571428571
    },
    "Polite":{
      "p":1.0,
      "r":0.6666666667,
      "f":0.8
    },
    "Abbr":{
      "p":1.0,
      "r":0.5,
      "f":0.6666666667
    }
  },
  "sents_p":0.8667820069,
  "sents_r":0.8867256637,
  "sents_f":0.8766404199,
  "dep_uas":0.8566560921,
  "dep_las":0.8252364448,
  "dep_las_per_type":{
    "nummod":{
      "p":0.8240740741,
      "r":0.7807017544,
      "f":0.8018018018
    },
    "amod":{
      "p":0.8745173745,
      "r":0.8296703297,
      "f":0.8515037594
    },
    "nmod":{
      "p":0.7146017699,
      "r":0.7114537445,
      "f":0.7130242826
    },
    "nsubj":{
      "p":0.878914405,
      "r":0.889123548,
      "f":0.8839895013
    },
    "flat":{
      "p":0.9065934066,
      "r":0.8776595745,
      "f":0.8918918919
    },
    "cc":{
      "p":0.8648648649,
      "r":0.8448844884,
      "f":0.8547579299
    },
    "conj":{
      "p":0.755952381,
      "r":0.7362318841,
      "f":0.7459618209
    },
    "root":{
      "p":0.867826087,
      "r":0.8831858407,
      "f":0.8754385965
    },
    "advmod":{
      "p":0.7839771102,
      "r":0.7590027701,
      "f":0.7712878255
    },
    "mark":{
      "p":0.9277899344,
      "r":0.911827957,
      "f":0.9197396963
    },
    "aux":{
      "p":0.8984126984,
      "r":0.8707692308,
      "f":0.884375
    },
    "ccomp":{
      "p":0.7142857143,
      "r":0.8227848101,
      "f":0.7647058824
    },
    "case":{
      "p":0.9013015184,
      "r":0.8728991597,
      "f":0.8868729989
    },
    "det":{
      "p":0.932790224,
      "r":0.9233870968,
      "f":0.928064843
    },
    "obl":{
      "p":0.8006872852,
      "r":0.7491961415,
      "f":0.7740863787
    },
    "nmod:poss":{
      "p":0.679245283,
      "r":0.6605504587,
      "f":0.6697674419
    },
    "obj":{
      "p":0.8678500986,
      "r":0.8445297505,
      "f":0.8560311284
    },
    "cop":{
      "p":0.8361581921,
      "r":0.8409090909,
      "f":0.8385269122
    },
    "acl:relcl":{
      "p":0.6944444444,
      "r":0.6830601093,
      "f":0.6887052342
    },
    "compound:prt":{
      "p":0.52,
      "r":0.3823529412,
      "f":0.4406779661
    },
    "advcl":{
      "p":0.7254901961,
      "r":0.7047619048,
      "f":0.7149758454
    },
    "fixed":{
      "p":0.9454545455,
      "r":0.8253968254,
      "f":0.8813559322
    },
    "dep":{
      "p":0.1264367816,
      "r":0.3793103448,
      "f":0.1896551724
    },
    "iobj":{
      "p":0.5384615385,
      "r":0.4666666667,
      "f":0.5
    },
    "appos":{
      "p":0.5476190476,
      "r":0.6052631579,
      "f":0.575
    },
    "obl:tmod":{
      "p":0.6,
      "r":0.375,
      "f":0.4615384615
    },
    "xcomp":{
      "p":0.71875,
      "r":0.4509803922,
      "f":0.5542168675
    },
    "obl:loc":{
      "p":0.7307692308,
      "r":0.7450980392,
      "f":0.7378640777
    },
    "expl":{
      "p":0.9411764706,
      "r":0.8205128205,
      "f":0.8767123288
    },
    "list":{
      "p":0.3076923077,
      "r":0.2352941176,
      "f":0.2666666667
    },
    "vocative":{
      "p":0.0,
      "r":0.0,
      "f":0.0
    },
    "discourse":{
      "p":0.0,
      "r":0.0,
      "f":0.0
    },
    "goeswith":{
      "p":0.0,
      "r":0.0,
      "f":0.0
    }
  },
  "lemma_acc":0.8439450687,
  "ents_p":0.7771428571,
  "ents_r":0.7311827957,
  "ents_f":0.7534626039,
  "ents_per_type":{
    "MISC":{
      "p":0.7345132743,
      "r":0.6859504132,
      "f":0.7094017094
    },
    "PER":{
      "p":0.8850574713,
      "r":0.8555555556,
      "f":0.8700564972
    },
    "LOC":{
      "p":0.712962963,
      "r":0.8020833333,
      "f":0.7549019608
    },
    "ORG":{
      "p":0.7230769231,
      "r":0.5838509317,
      "f":0.64604811
    }
  },
  "speed":7923.6443934831
}