{
    "token_acc": 0.9991508916,
    "tag_acc": 0.9838653279,
    "dep_uas": 0.9059221264,
    "dep_las": 0.8834227093,
    "ents_p": 0.8581818182,
    "ents_r": 0.8458781362,
    "ents_f": 0.8519855596,
    "sents_p": 0.9642218247,
    "sents_r": 0.9539823009,
    "sents_f": 0.9590747331,
    "speed": 4311.052220384,
    "dep_las_per_type": {
        "nummod": {
            "p": 0.8828828829,
            "r": 0.8596491228,
            "f": 0.8711111111
        },
        "amod": {
            "p": 0.9022140221,
            "r": 0.8956043956,
            "f": 0.8988970588
        },
        "nmod": {
            "p": 0.8321995465,
            "r": 0.8083700441,
            "f": 0.8201117318
        },
        "nsubj": {
            "p": 0.9362380446,
            "r": 0.9303062302,
            "f": 0.9332627119
        },
        "flat": {
            "p": 0.9516129032,
            "r": 0.9414893617,
            "f": 0.9465240642
        },
        "cc": {
            "p": 0.885620915,
            "r": 0.8943894389,
            "f": 0.8899835796
        },
        "conj": {
            "p": 0.8466076696,
            "r": 0.831884058,
            "f": 0.8391812865
        },
        "root": {
            "p": 0.925,
            "r": 0.9168141593,
            "f": 0.9208888889
        },
        "advmod": {
            "p": 0.8645980254,
            "r": 0.8490304709,
            "f": 0.856743536
        },
        "mark": {
            "p": 0.9421841542,
            "r": 0.9462365591,
            "f": 0.9442060086
        },
        "aux": {
            "p": 0.9318885449,
            "r": 0.9261538462,
            "f": 0.9290123457
        },
        "ccomp": {
            "p": 0.7666666667,
            "r": 0.8734177215,
            "f": 0.8165680473
        },
        "case": {
            "p": 0.9311440678,
            "r": 0.9233193277,
            "f": 0.9272151899
        },
        "det": {
            "p": 0.9384920635,
            "r": 0.9536290323,
            "f": 0.946
        },
        "obl": {
            "p": 0.8513731826,
            "r": 0.847266881,
            "f": 0.8493150685
        },
        "nmod:poss": {
            "p": 0.752293578,
            "r": 0.752293578,
            "f": 0.752293578
        },
        "obj": {
            "p": 0.939688716,
            "r": 0.9270633397,
            "f": 0.9333333333
        },
        "cop": {
            "p": 0.8870056497,
            "r": 0.8920454545,
            "f": 0.8895184136
        },
        "acl:relcl": {
            "p": 0.7567567568,
            "r": 0.7650273224,
            "f": 0.7608695652
        },
        "compound:prt": {
            "p": 0.6052631579,
            "r": 0.6764705882,
            "f": 0.6388888889
        },
        "advcl": {
            "p": 0.7830188679,
            "r": 0.7904761905,
            "f": 0.7867298578
        },
        "fixed": {
            "p": 0.9818181818,
            "r": 0.8571428571,
            "f": 0.9152542373
        },
        "dep": {
            "p": 0.1318681319,
            "r": 0.4137931034,
            "f": 0.2
        },
        "iobj": {
            "p": 0.9090909091,
            "r": 0.6666666667,
            "f": 0.7692307692
        },
        "appos": {
            "p": 0.7027027027,
            "r": 0.6842105263,
            "f": 0.6933333333
        },
        "obl:tmod": {
            "p": 1.0,
            "r": 0.375,
            "f": 0.5454545455
        },
        "xcomp": {
            "p": 0.875,
            "r": 0.6862745098,
            "f": 0.7692307692
        },
        "obl:loc": {
            "p": 0.82,
            "r": 0.8039215686,
            "f": 0.8118811881
        },
        "expl": {
            "p": 0.9444444444,
            "r": 0.8717948718,
            "f": 0.9066666667
        },
        "list": {
            "p": 0.25,
            "r": 0.1176470588,
            "f": 0.16
        },
        "vocative": {
            "p": 0.0,
            "r": 0.0,
            "f": 0.0
        },
        "discourse": {
            "p": 0.0,
            "r": 0.0,
            "f": 0.0
        },
        "goeswith": {
            "p": 0.0,
            "r": 0.0,
            "f": 0.0
        }
    },
    "ents_per_type": {
        "MISC": {
            "p": 0.7709923664,
            "r": 0.8347107438,
            "f": 0.8015873016
        },
        "PER": {
            "p": 0.9606741573,
            "r": 0.95,
            "f": 0.9553072626
        },
        "LOC": {
            "p": 0.7889908257,
            "r": 0.8958333333,
            "f": 0.8390243902
        },
        "ORG": {
            "p": 0.8636363636,
            "r": 0.7080745342,
            "f": 0.7781569966
        }
    }
}