{
  "token_acc": 0.9992023928215354,
  "token_p": 0.9970089730807578,
  "token_r": 0.9977052778609199,
  "token_f": 0.9973570039395601,
  "sents_p": 0.9929453262786596,
  "sents_r": 0.9964601769911504,
  "sents_f": 0.9946996466431095,
  "tag_acc": 0.9911663422668066,
  "pos_acc": 0.9906681970158191,
  "morph_acc": 0.9879734517690503,
  "morph_micro_p": 0.995049504950495,
  "morph_micro_r": 0.991513287010025,
  "morph_micro_f": 0.9932782486250964,
  "morph_per_feat": {
    "NumType": {
      "p": 0.9826589595375722,
      "r": 0.9883720930232558,
      "f": 0.9855072463768114
    },
    "Degree": {
      "p": 0.9960732984293194,
      "r": 0.9832041343669251,
      "f": 0.9895968790637192
    },
    "Number": {
      "p": 0.9929258630447085,
      "r": 0.9890078917700112,
      "f": 0.9909630048009037
    },
    "Definite": {
      "p": 0.9922513990529488,
      "r": 0.9863072314933675,
      "f": 0.9892703862660944
    },
    "Gender": {
      "p": 0.9922589725545391,
      "r": 0.9884332281808622,
      "f": 0.990342405618964
    },
    "Mood": {
      "p": 0.9990384615384615,
      "r": 0.9971209213051824,
      "f": 0.9980787704130644
    },
    "Tense": {
      "p": 0.9960998439937597,
      "r": 0.995323460639127,
      "f": 0.9957115009746589
    },
    "VerbForm": {
      "p": 0.9962311557788944,
      "r": 0.9949811794228356,
      "f": 0.9956057752667923
    },
    "Voice": {
      "p": 0.9970149253731343,
      "r": 0.9962714392244594,
      "f": 0.9966430436404327
    },
    "AdpType": {
      "p": 0.9981412639405205,
      "r": 0.9981412639405205,
      "f": 0.9981412639405205
    },
    "PronType": {
      "p": 0.9981949458483754,
      "r": 0.9981949458483754,
      "f": 0.9981949458483754
    },
    "Case": {
      "p": 0.9984399375975039,
      "r": 0.9922480620155039,
      "f": 0.9953343701399688
    },
    "Person": {
      "p": 0.9982608695652174,
      "r": 0.9948006932409013,
      "f": 0.9965277777777779
    },
    "Number[psor]": {
      "p": 1.0,
      "r": 1.0,
      "f": 1.0
    },
    "Poss": {
      "p": 1.0,
      "r": 1.0,
      "f": 1.0
    },
    "PartType": {
      "p": 1.0,
      "r": 0.9924812030075187,
      "f": 0.9962264150943396
    },
    "Reflex": {
      "p": 1.0,
      "r": 1.0,
      "f": 1.0
    },
    "Foreign": {
      "p": 1.0,
      "r": 0.2,
      "f": 0.33333333333333337
    },
    "Style": {
      "p": 1.0,
      "r": 1.0,
      "f": 1.0
    },
    "Polite": {
      "p": 1.0,
      "r": 0.6666666666666666,
      "f": 0.8
    },
    "Abbr": {
      "p": 1.0,
      "r": 1.0,
      "f": 1.0
    }
  },
  "dep_uas": 0.9266274258406667,
  "dep_las": 0.9042069688847453,
  "dep_las_per_type": {
    "nummod": {
      "p": 0.897196261682243,
      "r": 0.8495575221238938,
      "f": 0.8727272727272727
    },
    "amod": {
      "p": 0.9197080291970803,
      "r": 0.9247706422018349,
      "f": 0.9222323879231473
    },
    "nmod": {
      "p": 0.8268398268398268,
      "r": 0.834061135371179,
      "f": 0.8304347826086956
    },
    "nsubj": {
      "p": 0.9515789473684211,
      "r": 0.9566137566137566,
      "f": 0.954089709762533
    },
    "flat": {
      "p": 0.9578947368421052,
      "r": 0.9680851063829787,
      "f": 0.962962962962963
    },
    "cc": {
      "p": 0.8712871287128713,
      "r": 0.8741721854304636,
      "f": 0.8727272727272728
    },
    "conj": {
      "p": 0.9141104294478528,
      "r": 0.861271676300578,
      "f": 0.8869047619047619
    },
    "root": {
      "p": 0.9347442680776014,
      "r": 0.9380530973451328,
      "f": 0.9363957597173145
    },
    "advmod": {
      "p": 0.8943452380952381,
      "r": 0.9010494752623688,
      "f": 0.8976848394324122
    },
    "mark": {
      "p": 0.9484304932735426,
      "r": 0.9420935412026726,
      "f": 0.9452513966480446
    },
    "aux": {
      "p": 0.9753086419753086,
      "r": 0.9723076923076923,
      "f": 0.9738058551617874
    },
    "ccomp": {
      "p": 0.7865168539325843,
      "r": 0.8860759493670886,
      "f": 0.8333333333333333
    },
    "case": {
      "p": 0.9490445859872612,
      "r": 0.938090241343127,
      "f": 0.9435356200527705
    },
    "det": {
      "p": 0.9639278557114228,
      "r": 0.969758064516129,
      "f": 0.9668341708542714
    },
    "obl": {
      "p": 0.8752025931928687,
      "r": 0.8557844690966719,
      "f": 0.8653846153846154
    },
    "nmod:poss": {
      "p": 0.8518518518518519,
      "r": 0.8440366972477065,
      "f": 0.847926267281106
    },
    "obj": {
      "p": 0.9320754716981132,
      "r": 0.940952380952381,
      "f": 0.9364928909952607
    },
    "cop": {
      "p": 0.9382716049382716,
      "r": 0.9325153374233128,
      "f": 0.9353846153846154
    },
    "acl:relcl": {
      "p": 0.8,
      "r": 0.7868852459016393,
      "f": 0.7933884297520661
    },
    "advcl": {
      "p": 0.802547770700637,
      "r": 0.8076923076923077,
      "f": 0.805111821086262
    },
    "compound:prt": {
      "p": 0.6666666666666666,
      "r": 0.5294117647058824,
      "f": 0.5901639344262295
    },
    "fixed": {
      "p": 0.9655172413793104,
      "r": 0.9032258064516129,
      "f": 0.9333333333333333
    },
    "iobj": {
      "p": 0.9285714285714286,
      "r": 0.8666666666666667,
      "f": 0.896551724137931
    },
    "appos": {
      "p": 0.8,
      "r": 0.7368421052631579,
      "f": 0.7671232876712328
    },
    "obl:tmod": {
      "p": 0.8571428571428571,
      "r": 0.375,
      "f": 0.5217391304347825
    },
    "xcomp": {
      "p": 0.8461538461538461,
      "r": 0.6875,
      "f": 0.7586206896551724
    },
    "dep": {
      "p": 0.1619047619047619,
      "r": 0.5666666666666667,
      "f": 0.2518518518518518
    },
    "advmod:lmod": {
      "p": 0.9148936170212766,
      "r": 0.8958333333333334,
      "f": 0.9052631578947369
    },
    "expl": {
      "p": 0.9473684210526315,
      "r": 0.9230769230769231,
      "f": 0.935064935064935
    },
    "list": {
      "p": 0.4,
      "r": 0.23529411764705882,
      "f": 0.29629629629629634
    },
    "obl:lmod": {
      "p": 0.25,
      "r": 0.3333333333333333,
      "f": 0.28571428571428575
    },
    "parataxis": {
      "p": 0.0,
      "r": 0.0,
      "f": 0.0
    },
    "orphan": {
      "p": 0.0,
      "r": 0.0,
      "f": 0.0
    },
    "vocative": {
      "p": 0.0,
      "r": 0.0,
      "f": 0.0
    },
    "discourse": {
      "p": 0.0,
      "r": 0.0,
      "f": 0.0
    },
    "dislocated": {
      "p": 0.0,
      "r": 0.0,
      "f": 0.0
    },
    "compound": {
      "p": 0.0,
      "r": 0.0,
      "f": 0.0
    }
  },
  "ents_p": 0.8644366197183099,
  "ents_r": 0.8799283154121864,
  "ents_f": 0.8721136767317941,
  "ents_per_type": {
    "PER": {
      "p": 0.9497206703910615,
      "r": 0.9444444444444444,
      "f": 0.947075208913649
    },
    "LOC": {
      "p": 0.8888888888888888,
      "r": 0.9166666666666666,
      "f": 0.9025641025641026
    },
    "ORG": {
      "p": 0.8354430379746836,
      "r": 0.8198757763975155,
      "f": 0.8275862068965517
    },
    "MISC": {
      "p": 0.7651515151515151,
      "r": 0.8347107438016529,
      "f": 0.7984189723320158
    }
  },
  "lemma_acc": 0.9535545023696683,
  "coref_lea_f1": 0,
  "coref_lea_precision": 0,
  "coref_lea_recall": 0,
  "nel_score": 0.32653061224489793,
  "nel_score_desc": "micro F",
  "nel_micro_p": 0.8333333333333334,
  "nel_micro_r": 0.20304568527918782,
  "nel_micro_f": 0.32653061224489793,
  "nel_macro_p": 0.8613445378151261,
  "nel_macro_r": 0.2295177045177045,
  "nel_macro_f": 0.3510261194029851,
  "nel_f_per_type": {
    "MISC": {
      "p": 1.0,
      "r": 0.23076923076923078,
      "f": 0.375
    },
    "PER": {
      "p": 0.8571428571428571,
      "r": 0.1,
      "f": 0.17910447761194032
    },
    "LOC": {
      "p": 1.0,
      "r": 0.42857142857142855,
      "f": 0.6
    },
    "ORG": {
      "p": 0.5882352941176471,
      "r": 0.15873015873015872,
      "f": 0.25
    }
  }
}