{
    "token_acc":1.0,
    "token_p":1.0,
    "token_r":1.0,
    "token_f":1.0,
    "ents_p":0.7786824574,
    "ents_r":0.7927656368,
    "ents_f":0.785660941,
    "ents_per_type":{
      "PERSON":{
        "p":0.8146341463,
        "r":0.8743455497,
        "f":0.8434343434
      },
      "NORP":{
        "p":0.7435897436,
        "r":0.7073170732,
        "f":0.725
      },
      "CARDINAL":{
        "p":0.8816568047,
        "r":0.8869047619,
        "f":0.884272997
      },
      "QUANTITY":{
        "p":0.724137931,
        "r":0.75,
        "f":0.7368421053
      },
      "FACILITY":{
        "p":0.6071428571,
        "r":0.68,
        "f":0.641509434
      },
      "TIME":{
        "p":0.8,
        "r":0.8888888889,
        "f":0.8421052632
      },
      "ORGANIZATION":{
        "p":0.8257261411,
        "r":0.7991967871,
        "f":0.812244898
      },
      "DATE":{
        "p":0.7643979058,
        "r":0.8021978022,
        "f":0.7828418231
      },
      "ORDINAL":{
        "p":0.5384615385,
        "r":0.6363636364,
        "f":0.5833333333
      },
      "GPE":{
        "p":0.7943262411,
        "r":0.8296296296,
        "f":0.8115942029
      },
      "MONEY":{
        "p":0.9589041096,
        "r":0.9722222222,
        "f":0.9655172414
      },
      "WORK OF ART":{
        "p":0.4444444444,
        "r":0.4210526316,
        "f":0.4324324324
      },
      "LOCATION":{
        "p":0.6470588235,
        "r":0.7173913043,
        "f":0.6804123711
      },
      "PRODUCT":{
        "p":0.6034482759,
        "r":0.6140350877,
        "f":0.6086956522
      },
      "LAW":{
        "p":0.5,
        "r":0.4705882353,
        "f":0.4848484848
      },
      "EVENT":{
        "p":0.4736842105,
        "r":0.4736842105,
        "f":0.4736842105
      },
      "PERCENT":{
        "p":1.0,
        "r":1.0,
        "f":1.0
      },
      "LANGUAGE":{
        "p":0.5555555556,
        "r":0.2941176471,
        "f":0.3846153846
      }
    },
    "speed":5451.5111078483
  }