{
    "token_acc":1.0,
    "token_p":1.0,
    "token_r":1.0,
    "token_f":1.0,
    "ents_p":0.7833935018,
    "ents_r":0.8176337604,
    "ents_f":0.8001474926,
    "ents_per_type":{
      "PERSON":{
        "p":0.8177339901,
        "r":0.8691099476,
        "f":0.8426395939
      },
      "NORP":{
        "p":0.7333333333,
        "r":0.8048780488,
        "f":0.7674418605
      },
      "CARDINAL":{
        "p":0.8143712575,
        "r":0.8095238095,
        "f":0.8119402985
      },
      "QUANTITY":{
        "p":0.6875,
        "r":0.7857142857,
        "f":0.7333333333
      },
      "FACILITY":{
        "p":0.6428571429,
        "r":0.72,
        "f":0.679245283
      },
      "TIME":{
        "p":1.0,
        "r":0.8888888889,
        "f":0.9411764706
      },
      "ORGANIZATION":{
        "p":0.7794117647,
        "r":0.8514056225,
        "f":0.8138195777
      },
      "DATE":{
        "p":0.7668393782,
        "r":0.8131868132,
        "f":0.7893333333
      },
      "PRODUCT":{
        "p":0.6181818182,
        "r":0.5964912281,
        "f":0.6071428571
      },
      "ORDINAL":{
        "p":0.5625,
        "r":0.8181818182,
        "f":0.6666666667
      },
      "GPE":{
        "p":0.9029850746,
        "r":0.8962962963,
        "f":0.8996282528
      },
      "MONEY":{
        "p":0.9861111111,
        "r":0.9861111111,
        "f":0.9861111111
      },
      "WORK OF ART":{
        "p":0.5102040816,
        "r":0.6578947368,
        "f":0.5747126437
      },
      "LOCATION":{
        "p":0.7608695652,
        "r":0.7608695652,
        "f":0.7608695652
      },
      "EVENT":{
        "p":0.55,
        "r":0.5789473684,
        "f":0.5641025641
      },
      "LAW":{
        "p":0.6875,
        "r":0.6470588235,
        "f":0.6666666667
      },
      "PERCENT":{
        "p":1.0,
        "r":1.0,
        "f":1.0
      },
      "LANGUAGE":{
        "p":0.5,
        "r":0.2352941176,
        "f":0.32
      }
    },
    "speed":3660.7804332903
  }