{
    "token_acc":1.0,
    "token_p":1.0,
    "token_r":1.0,
    "token_f":1.0,
    "ents_p":0.7857661583,
    "ents_r":0.8153730219,
    "ents_f":0.800295858,
    "ents_per_type":{
      "PERSON":{
        "p":0.8870967742,
        "r":0.8638743455,
        "f":0.875331565
      },
      "NORP":{
        "p":0.8333333333,
        "r":0.8536585366,
        "f":0.843373494
      },
      "CARDINAL":{
        "p":0.8288770053,
        "r":0.9226190476,
        "f":0.8732394366
      },
      "QUANTITY":{
        "p":0.2933333333,
        "r":0.7857142857,
        "f":0.427184466
      },
      "FACILITY":{
        "p":0.7619047619,
        "r":0.64,
        "f":0.6956521739
      },
      "TIME":{
        "p":0.7619047619,
        "r":0.8888888889,
        "f":0.8205128205
      },
      "PRODUCT":{
        "p":0.6470588235,
        "r":0.5789473684,
        "f":0.6111111111
      },
      "ORGANIZATION":{
        "p":0.7799227799,
        "r":0.8112449799,
        "f":0.7952755906
      },
      "DATE":{
        "p":0.8284023669,
        "r":0.7692307692,
        "f":0.7977207977
      },
      "ORDINAL":{
        "p":0.7,
        "r":0.6363636364,
        "f":0.6666666667
      },
      "GPE":{
        "p":0.9104477612,
        "r":0.9037037037,
        "f":0.907063197
      },
      "MONEY":{
        "p":0.985915493,
        "r":0.9722222222,
        "f":0.979020979
      },
      "WORK OF ART":{
        "p":0.6428571429,
        "r":0.4736842105,
        "f":0.5454545455
      },
      "LOCATION":{
        "p":0.6206896552,
        "r":0.7826086957,
        "f":0.6923076923
      },
      "LANGUAGE":{
        "p":0.7777777778,
        "r":0.8235294118,
        "f":0.8
      },
      "EVENT":{
        "p":0.5,
        "r":0.5263157895,
        "f":0.5128205128
      },
      "LAW":{
        "p":0.5714285714,
        "r":0.4705882353,
        "f":0.5161290323
      },
      "PERCENT":{
        "p":1.0,
        "r":1.0,
        "f":1.0
      }
    },
    "speed":1370.3529585209
  }