{
    "token_acc":1.0,
    "token_p":1.0,
    "token_r":1.0,
    "token_f":1.0,
    "ents_p":0.7807829181,
    "ents_r":0.8266767144,
    "ents_f":0.8030746706,
    "ents_per_type":{
      "PERSON":{
        "p":0.8697916667,
        "r":0.8743455497,
        "f":0.8720626632
      },
      "NORP":{
        "p":0.8292682927,
        "r":0.8292682927,
        "f":0.8292682927
      },
      "CARDINAL":{
        "p":0.8491620112,
        "r":0.9047619048,
        "f":0.8760806916
      },
      "QUANTITY":{
        "p":0.2597402597,
        "r":0.7142857143,
        "f":0.380952381
      },
      "FACILITY":{
        "p":0.7777777778,
        "r":0.84,
        "f":0.8076923077
      },
      "TIME":{
        "p":0.8571428571,
        "r":1.0,
        "f":0.9230769231
      },
      "ORGANIZATION":{
        "p":0.8054474708,
        "r":0.8313253012,
        "f":0.8181818182
      },
      "DATE":{
        "p":0.7696335079,
        "r":0.8076923077,
        "f":0.7882037534
      },
      "PRODUCT":{
        "p":0.6271186441,
        "r":0.649122807,
        "f":0.6379310345
      },
      "ORDINAL":{
        "p":0.6,
        "r":0.5454545455,
        "f":0.5714285714
      },
      "GPE":{
        "p":0.9044117647,
        "r":0.9111111111,
        "f":0.9077490775
      },
      "MONEY":{
        "p":0.9722222222,
        "r":0.9722222222,
        "f":0.9722222222
      },
      "WORK OF ART":{
        "p":0.5263157895,
        "r":0.5263157895,
        "f":0.5263157895
      },
      "LOCATION":{
        "p":0.6862745098,
        "r":0.7608695652,
        "f":0.7216494845
      },
      "EVENT":{
        "p":0.5333333333,
        "r":0.4210526316,
        "f":0.4705882353
      },
      "LAW":{
        "p":0.6153846154,
        "r":0.4705882353,
        "f":0.5333333333
      },
      "PERCENT":{
        "p":1.0,
        "r":1.0,
        "f":1.0
      },
      "LANGUAGE":{
        "p":0.8461538462,
        "r":0.6470588235,
        "f":0.7333333333
      }
    },
    "speed":1413.1910978799
  }