{
    "token_acc":1.0,
    "token_p":1.0,
    "token_r":1.0,
    "token_f":1.0,
    "ents_p":0.7912408759,
    "ents_r":0.8168801809,
    "ents_f":0.8038561364,
    "ents_per_type":{
      "PERSON":{
        "p":0.8652849741,
        "r":0.8743455497,
        "f":0.8697916667
      },
      "NORP":{
        "p":0.756097561,
        "r":0.756097561,
        "f":0.756097561
      },
      "CARDINAL":{
        "p":0.7486910995,
        "r":0.8511904762,
        "f":0.7966573816
      },
      "QUANTITY":{
        "p":0.71875,
        "r":0.8214285714,
        "f":0.7666666667
      },
      "FACILITY":{
        "p":0.7037037037,
        "r":0.76,
        "f":0.7307692308
      },
      "TIME":{
        "p":0.7083333333,
        "r":0.9444444444,
        "f":0.8095238095
      },
      "ORGANIZATION":{
        "p":0.872246696,
        "r":0.7951807229,
        "f":0.8319327731
      },
      "DATE":{
        "p":0.7680412371,
        "r":0.8186813187,
        "f":0.7925531915
      },
      "PRODUCT":{
        "p":0.59375,
        "r":0.6666666667,
        "f":0.6280991736
      },
      "ORDINAL":{
        "p":0.5,
        "r":0.8181818182,
        "f":0.6206896552
      },
      "GPE":{
        "p":0.8723404255,
        "r":0.9111111111,
        "f":0.8913043478
      },
      "MONEY":{
        "p":0.985915493,
        "r":0.9722222222,
        "f":0.979020979
      },
      "WORK OF ART":{
        "p":0.512195122,
        "r":0.5526315789,
        "f":0.5316455696
      },
      "LOCATION":{
        "p":0.7391304348,
        "r":0.7391304348,
        "f":0.7391304348
      },
      "EVENT":{
        "p":0.5714285714,
        "r":0.6315789474,
        "f":0.6
      },
      "LAW":{
        "p":0.7058823529,
        "r":0.7058823529,
        "f":0.7058823529
      },
      "PERCENT":{
        "p":0.9285714286,
        "r":1.0,
        "f":0.962962963
      },
      "LANGUAGE":{
        "p":0.625,
        "r":0.2941176471,
        "f":0.4
      }
    },
    "speed":3607.164312747
  }