{
    "token_acc":1.0,
    "token_p":1.0,
    "token_r":1.0,
    "token_f":1.0,
    "ents_p":0.7733627667,
    "ents_r":0.7920120573,
    "ents_f":0.7825763217,
    "ents_per_type":{
      "PERSON":{
        "p":0.8316831683,
        "r":0.8795811518,
        "f":0.8549618321
      },
      "NORP":{
        "p":0.7692307692,
        "r":0.7317073171,
        "f":0.75
      },
      "CARDINAL":{
        "p":0.8957055215,
        "r":0.869047619,
        "f":0.8821752266
      },
      "QUANTITY":{
        "p":0.6285714286,
        "r":0.7857142857,
        "f":0.6984126984
      },
      "FACILITY":{
        "p":0.6153846154,
        "r":0.64,
        "f":0.6274509804
      },
      "TIME":{
        "p":0.8947368421,
        "r":0.9444444444,
        "f":0.9189189189
      },
      "ORGANIZATION":{
        "p":0.8081632653,
        "r":0.7951807229,
        "f":0.8016194332
      },
      "DATE":{
        "p":0.7641025641,
        "r":0.8186813187,
        "f":0.7904509284
      },
      "ORDINAL":{
        "p":0.5,
        "r":0.6363636364,
        "f":0.56
      },
      "GPE":{
        "p":0.7793103448,
        "r":0.837037037,
        "f":0.8071428571
      },
      "MONEY":{
        "p":0.9589041096,
        "r":0.9722222222,
        "f":0.9655172414
      },
      "WORK OF ART":{
        "p":0.4285714286,
        "r":0.3947368421,
        "f":0.4109589041
      },
      "LOCATION":{
        "p":0.6304347826,
        "r":0.6304347826,
        "f":0.6304347826
      },
      "PRODUCT":{
        "p":0.564516129,
        "r":0.6140350877,
        "f":0.5882352941
      },
      "LAW":{
        "p":0.5,
        "r":0.5294117647,
        "f":0.5142857143
      },
      "EVENT":{
        "p":0.4285714286,
        "r":0.4736842105,
        "f":0.45
      },
      "PERCENT":{
        "p":1.0,
        "r":1.0,
        "f":1.0
      },
      "LANGUAGE":{
        "p":0.625,
        "r":0.2941176471,
        "f":0.4
      }
    },
    "speed":6647.1495424939
  }