{
  "token_acc": 0.9992023928215354,
  "token_p": 0.9970089730807578,
  "token_r": 0.9977052778609199,
  "token_f": 0.9973570039395601,
  "sents_p": 1.0,
  "sents_r": 1.0,
  "sents_f": 1.0,
  "tag_acc": 0.991366834672389,
  "pos_acc": 0.9908174468509832,
  "morph_acc": 0.9880227567621519,
  "morph_micro_p": 0.9945294242617378,
  "morph_micro_r": 0.99321062960802,
  "morph_micro_f": 0.9938695894482631,
  "morph_per_feat": {
    "NumType": {
      "p": 0.9826589595375722,
      "r": 0.9883720930232558,
      "f": 0.9855072463768114
    },
    "Degree": {
      "p": 0.9973753280839895,
      "r": 0.9819121447028424,
      "f": 0.9895833333333334
    },
    "Number": {
      "p": 0.9918217710095882,
      "r": 0.9912626832018039,
      "f": 0.9915421482943333
    },
    "Definite": {
      "p": 0.9910141206675225,
      "r": 0.9910141206675225,
      "f": 0.9910141206675225
    },
    "Gender": {
      "p": 0.9905329593267882,
      "r": 0.9901857693655801,
      "f": 0.9903593339176162
    },
    "Mood": {
      "p": 0.9990393852065321,
      "r": 0.9980806142034548,
      "f": 0.9985597695631302
    },
    "Tense": {
      "p": 0.995334370139969,
      "r": 0.9976617303195635,
      "f": 0.9964966913195796
    },
    "VerbForm": {
      "p": 0.9956140350877193,
      "r": 0.9968632371392723,
      "f": 0.9962382445141066
    },
    "Voice": {
      "p": 0.9970149253731343,
      "r": 0.9962714392244594,
      "f": 0.9966430436404327
    },
    "AdpType": {
      "p": 1.0,
      "r": 1.0,
      "f": 1.0
    },
    "PronType": {
      "p": 0.999096657633243,
      "r": 0.9981949458483754,
      "f": 0.9986455981941308
    },
    "Case": {
      "p": 1.0,
      "r": 0.9922480620155039,
      "f": 0.9961089494163424
    },
    "Person": {
      "p": 0.9982638888888888,
      "r": 0.9965337954939342,
      "f": 0.997398091934085
    },
    "Number[psor]": {
      "p": 1.0,
      "r": 1.0,
      "f": 1.0
    },
    "Poss": {
      "p": 1.0,
      "r": 1.0,
      "f": 1.0
    },
    "PartType": {
      "p": 0.9962406015037594,
      "r": 0.9962406015037594,
      "f": 0.9962406015037594
    },
    "Reflex": {
      "p": 1.0,
      "r": 1.0,
      "f": 1.0
    },
    "Foreign": {
      "p": 0.0,
      "r": 0.0,
      "f": 0.0
    },
    "Style": {
      "p": 1.0,
      "r": 1.0,
      "f": 1.0
    },
    "Polite": {
      "p": 1.0,
      "r": 0.6666666666666666,
      "f": 0.8
    },
    "Abbr": {
      "p": 1.0,
      "r": 0.5,
      "f": 0.6666666666666666
    }
  },
  "dep_uas": 0.9280885780885781,
  "dep_las": 0.9079997669405115,
  "dep_las_per_type": {
    "nummod": {
      "p": 0.8738738738738738,
      "r": 0.8584070796460177,
      "f": 0.8660714285714286
    },
    "amod": {
      "p": 0.9130434782608695,
      "r": 0.9247706422018349,
      "f": 0.9188696444849589
    },
    "nmod": {
      "p": 0.8213507625272332,
      "r": 0.8231441048034934,
      "f": 0.822246455834242
    },
    "nsubj": {
      "p": 0.9587737843551797,
      "r": 0.9597883597883597,
      "f": 0.9592808038075092
    },
    "flat": {
      "p": 0.9672131147540983,
      "r": 0.9414893617021277,
      "f": 0.954177897574124
    },
    "cc": {
      "p": 0.9019607843137255,
      "r": 0.9139072847682119,
      "f": 0.9078947368421052
    },
    "conj": {
      "p": 0.8904899135446686,
      "r": 0.8930635838150289,
      "f": 0.8917748917748918
    },
    "root": {
      "p": 0.9468085106382979,
      "r": 0.9451327433628318,
      "f": 0.945969884853853
    },
    "advmod": {
      "p": 0.9056316590563166,
      "r": 0.8920539730134932,
      "f": 0.8987915407854985
    },
    "mark": {
      "p": 0.9572072072072072,
      "r": 0.9465478841870824,
      "f": 0.9518477043673013
    },
    "aux": {
      "p": 0.9782608695652174,
      "r": 0.9692307692307692,
      "f": 0.973724884080371
    },
    "ccomp": {
      "p": 0.7931034482758621,
      "r": 0.8734177215189873,
      "f": 0.8313253012048193
    },
    "case": {
      "p": 0.9511677282377919,
      "r": 0.9401888772298006,
      "f": 0.9456464379947229
    },
    "det": {
      "p": 0.96,
      "r": 0.967741935483871,
      "f": 0.963855421686747
    },
    "obl": {
      "p": 0.8901453957996769,
      "r": 0.873217115689382,
      "f": 0.8815999999999999
    },
    "nmod:poss": {
      "p": 0.8245614035087719,
      "r": 0.8623853211009175,
      "f": 0.8430493273542601
    },
    "obj": {
      "p": 0.9362101313320825,
      "r": 0.9504761904761905,
      "f": 0.943289224952741
    },
    "cop": {
      "p": 0.9036144578313253,
      "r": 0.9202453987730062,
      "f": 0.911854103343465
    },
    "acl:relcl": {
      "p": 0.8554913294797688,
      "r": 0.8087431693989071,
      "f": 0.8314606741573034
    },
    "advcl": {
      "p": 0.754601226993865,
      "r": 0.7884615384615384,
      "f": 0.7711598746081504
    },
    "compound:prt": {
      "p": 0.7,
      "r": 0.6176470588235294,
      "f": 0.65625
    },
    "dep": {
      "p": 0.1368421052631579,
      "r": 0.43333333333333335,
      "f": 0.20800000000000002
    },
    "fixed": {
      "p": 0.9655172413793104,
      "r": 0.9032258064516129,
      "f": 0.9333333333333333
    },
    "iobj": {
      "p": 0.9230769230769231,
      "r": 0.8,
      "f": 0.8571428571428571
    },
    "appos": {
      "p": 0.8,
      "r": 0.7368421052631579,
      "f": 0.7671232876712328
    },
    "obl:tmod": {
      "p": 0.75,
      "r": 0.375,
      "f": 0.5
    },
    "xcomp": {
      "p": 0.92,
      "r": 0.71875,
      "f": 0.8070175438596492
    },
    "advmod:lmod": {
      "p": 0.8775510204081632,
      "r": 0.8958333333333334,
      "f": 0.8865979381443299
    },
    "expl": {
      "p": 0.972972972972973,
      "r": 0.9230769230769231,
      "f": 0.9473684210526315
    },
    "list": {
      "p": 0.36363636363636365,
      "r": 0.23529411764705882,
      "f": 0.2857142857142857
    },
    "obl:lmod": {
      "p": 0.5,
      "r": 0.3333333333333333,
      "f": 0.4
    },
    "parataxis": {
      "p": 0.0,
      "r": 0.0,
      "f": 0.0
    },
    "orphan": {
      "p": 0.0,
      "r": 0.0,
      "f": 0.0
    },
    "vocative": {
      "p": 0.0,
      "r": 0.0,
      "f": 0.0
    },
    "discourse": {
      "p": 0.0,
      "r": 0.0,
      "f": 0.0
    },
    "dislocated": {
      "p": 0.0,
      "r": 0.0,
      "f": 0.0
    },
    "compound": {
      "p": 0.0,
      "r": 0.0,
      "f": 0.0
    }
  },
  "ents_p": 0.8858195211786372,
  "ents_r": 0.8620071684587813,
  "ents_f": 0.8737511353315167,
  "ents_per_type": {
    "MISC": {
      "p": 0.8083333333333333,
      "r": 0.8016528925619835,
      "f": 0.8049792531120331
    },
    "ORG": {
      "p": 0.8819444444444444,
      "r": 0.7888198757763976,
      "f": 0.8327868852459016
    },
    "PER": {
      "p": 0.9550561797752809,
      "r": 0.9444444444444444,
      "f": 0.9497206703910613
    },
    "LOC": {
      "p": 0.8613861386138614,
      "r": 0.90625,
      "f": 0.883248730964467
    }
  },
  "lemma_acc": 0.9589423796457969,
  "coref_lea_f1": 0.46721432891850845,
  "coref_lea_precision": 0.45909917054955224,
  "coref_lea_recall": 0.4756215410790605,
  "nel_score": 0.3428571428571429,
  "nel_score_desc": "micro F",
  "nel_micro_p": 0.84,
  "nel_micro_r": 0.2153846153846154,
  "nel_micro_f": 0.3428571428571429,
  "nel_macro_p": 0.8670634920634921,
  "nel_macro_r": 0.2470462543991956,
  "nel_macro_f": 0.3727980563076579,
  "nel_f_per_type": {
    "MISC": {
      "p": 1.0,
      "r": 0.2777777777777778,
      "f": 0.4347826086956522
    },
    "PER": {
      "p": 0.8571428571428571,
      "r": 0.1,
      "f": 0.17910447761194032
    },
    "LOC": {
      "p": 1.0,
      "r": 0.4411764705882353,
      "f": 0.6122448979591837
    },
    "ORG": {
      "p": 0.6111111111111112,
      "r": 0.16923076923076924,
      "f": 0.2650602409638554
    }
  }
}