{
    "token_acc": 0.9991508916,
    "tag_acc": 0.9792717646,
    "dep_uas": 0.8787737499,
    "dep_las": 0.8533799534,
    "ents_p": 0.7992565056,
    "ents_r": 0.770609319,
    "ents_f": 0.7846715328,
    "sents_p": 0.8789473684,
    "sents_r": 0.8867256637,
    "sents_f": 0.8828193833,
    "speed": 8335.322130059,
    "dep_las_per_type": {
        "nummod": {
            "p": 0.8053097345,
            "r": 0.798245614,
            "f": 0.8017621145
        },
        "amod": {
            "p": 0.8731617647,
            "r": 0.86996337,
            "f": 0.871559633
        },
        "nmod": {
            "p": 0.7395143488,
            "r": 0.7378854626,
            "f": 0.7386990077
        },
        "nsubj": {
            "p": 0.9061181435,
            "r": 0.9070749736,
            "f": 0.9065963061
        },
        "flat": {
            "p": 0.9411764706,
            "r": 0.9361702128,
            "f": 0.9386666667
        },
        "cc": {
            "p": 0.8608414239,
            "r": 0.8778877888,
            "f": 0.8692810458
        },
        "conj": {
            "p": 0.808259587,
            "r": 0.7942028986,
            "f": 0.8011695906
        },
        "root": {
            "p": 0.8776223776,
            "r": 0.8884955752,
            "f": 0.8830255057
        },
        "advmod": {
            "p": 0.8199718706,
            "r": 0.8074792244,
            "f": 0.8136775994
        },
        "mark": {
            "p": 0.9396551724,
            "r": 0.9376344086,
            "f": 0.9386437029
        },
        "aux": {
            "p": 0.8944099379,
            "r": 0.8861538462,
            "f": 0.8902627512
        },
        "ccomp": {
            "p": 0.6597938144,
            "r": 0.8101265823,
            "f": 0.7272727273
        },
        "case": {
            "p": 0.921108742,
            "r": 0.9075630252,
            "f": 0.9142857143
        },
        "det": {
            "p": 0.9442231076,
            "r": 0.9556451613,
            "f": 0.9498997996
        },
        "obl": {
            "p": 0.8212478921,
            "r": 0.7829581994,
            "f": 0.8016460905
        },
        "nmod:poss": {
            "p": 0.7155963303,
            "r": 0.7155963303,
            "f": 0.7155963303
        },
        "obj": {
            "p": 0.8960302457,
            "r": 0.9097888676,
            "f": 0.9028571429
        },
        "cop": {
            "p": 0.8644067797,
            "r": 0.8693181818,
            "f": 0.8668555241
        },
        "acl:relcl": {
            "p": 0.7719298246,
            "r": 0.7213114754,
            "f": 0.7457627119
        },
        "compound:prt": {
            "p": 0.7692307692,
            "r": 0.5882352941,
            "f": 0.6666666667
        },
        "advcl": {
            "p": 0.75,
            "r": 0.7428571429,
            "f": 0.7464114833
        },
        "fixed": {
            "p": 0.9811320755,
            "r": 0.8253968254,
            "f": 0.8965517241
        },
        "dep": {
            "p": 0.1333333333,
            "r": 0.4137931034,
            "f": 0.2016806723
        },
        "xcomp": {
            "p": 0.6923076923,
            "r": 0.5294117647,
            "f": 0.6
        },
        "iobj": {
            "p": 0.8,
            "r": 0.5333333333,
            "f": 0.64
        },
        "appos": {
            "p": 0.6486486486,
            "r": 0.6315789474,
            "f": 0.64
        },
        "obl:tmod": {
            "p": 0.7777777778,
            "r": 0.4375,
            "f": 0.56
        },
        "obl:loc": {
            "p": 0.7586206897,
            "r": 0.862745098,
            "f": 0.8073394495
        },
        "expl": {
            "p": 0.9428571429,
            "r": 0.8461538462,
            "f": 0.8918918919
        },
        "list": {
            "p": 0.5,
            "r": 0.3529411765,
            "f": 0.4137931034
        },
        "vocative": {
            "p": 0.0,
            "r": 0.0,
            "f": 0.0
        },
        "discourse": {
            "p": 0.0,
            "r": 0.0,
            "f": 0.0
        },
        "goeswith": {
            "p": 0.0,
            "r": 0.0,
            "f": 0.0
        }
    },
    "ents_per_type": {
        "MISC": {
            "p": 0.7387387387,
            "r": 0.6776859504,
            "f": 0.7068965517
        },
        "PER": {
            "p": 0.8817204301,
            "r": 0.9111111111,
            "f": 0.8961748634
        },
        "LOC": {
            "p": 0.7747747748,
            "r": 0.8958333333,
            "f": 0.8309178744
        },
        "ORG": {
            "p": 0.7538461538,
            "r": 0.6086956522,
            "f": 0.6735395189
        }
    }
}