{
  "token_acc":0.9991508916,
  "tag_acc":0.9765234765,
  "dep_uas":0.8693473193,
  "dep_las":0.8354695875,
  "ents_p":0.7447619048,
  "ents_r":0.7007168459,
  "ents_f":0.7220683287,
  "sents_p":0.8821490468,
  "sents_r":0.9008849558,
  "sents_f":0.8914185639,
  "speed":9770.1207415176,
  "dep_las_per_type":{
    "nummod":{
      "p":0.8679245283,
      "r":0.8070175439,
      "f":0.8363636364
    },
    "amod":{
      "p":0.8721804511,
      "r":0.8498168498,
      "f":0.8608534323
    },
    "nmod":{
      "p":0.7120879121,
      "r":0.7136563877,
      "f":0.7128712871
    },
    "nsubj":{
      "p":0.9023354565,
      "r":0.8975712777,
      "f":0.8999470619
    },
    "flat":{
      "p":0.8978494624,
      "r":0.8882978723,
      "f":0.8930481283
    },
    "cc":{
      "p":0.8741721854,
      "r":0.8712871287,
      "f":0.8727272727
    },
    "conj":{
      "p":0.7393767705,
      "r":0.7565217391,
      "f":0.7478510029
    },
    "root":{
      "p":0.8788927336,
      "r":0.8991150442,
      "f":0.8888888889
    },
    "advmod":{
      "p":0.7863013699,
      "r":0.7950138504,
      "f":0.7906336088
    },
    "mark":{
      "p":0.9368191721,
      "r":0.9247311828,
      "f":0.9307359307
    },
    "aux":{
      "p":0.909375,
      "r":0.8953846154,
      "f":0.9023255814
    },
    "ccomp":{
      "p":0.6704545455,
      "r":0.746835443,
      "f":0.7065868263
    },
    "case":{
      "p":0.9090909091,
      "r":0.8928571429,
      "f":0.9009009009
    },
    "det":{
      "p":0.9227722772,
      "r":0.939516129,
      "f":0.9310689311
    },
    "obl":{
      "p":0.7940199336,
      "r":0.768488746,
      "f":0.7810457516
    },
    "nmod:poss":{
      "p":0.7378640777,
      "r":0.6972477064,
      "f":0.7169811321
    },
    "obj":{
      "p":0.8716475096,
      "r":0.8733205374,
      "f":0.8724832215
    },
    "cop":{
      "p":0.8296703297,
      "r":0.8579545455,
      "f":0.843575419
    },
    "acl:relcl":{
      "p":0.7159763314,
      "r":0.6612021858,
      "f":0.6875
    },
    "compound:prt":{
      "p":0.5,
      "r":0.4117647059,
      "f":0.4516129032
    },
    "advcl":{
      "p":0.7475728155,
      "r":0.7333333333,
      "f":0.7403846154
    },
    "fixed":{
      "p":0.8813559322,
      "r":0.8253968254,
      "f":0.8524590164
    },
    "xcomp":{
      "p":0.6857142857,
      "r":0.4705882353,
      "f":0.5581395349
    },
    "dep":{
      "p":0.13,
      "r":0.4482758621,
      "f":0.2015503876
    },
    "iobj":{
      "p":0.6,
      "r":0.4,
      "f":0.48
    },
    "appos":{
      "p":0.5384615385,
      "r":0.5526315789,
      "f":0.5454545455
    },
    "obl:tmod":{
      "p":0.3846153846,
      "r":0.3125,
      "f":0.3448275862
    },
    "obl:loc":{
      "p":0.7272727273,
      "r":0.7843137255,
      "f":0.7547169811
    },
    "expl":{
      "p":0.8888888889,
      "r":0.8205128205,
      "f":0.8533333333
    },
    "list":{
      "p":0.3846153846,
      "r":0.2941176471,
      "f":0.3333333333
    },
    "vocative":{
      "p":0.0,
      "r":0.0,
      "f":0.0
    },
    "discourse":{
      "p":0.0,
      "r":0.0,
      "f":0.0
    },
    "goeswith":{
      "p":0.0,
      "r":0.0,
      "f":0.0
    }
  },
  "ents_per_type":{
    "MISC":{
      "p":0.6341463415,
      "r":0.6446280992,
      "f":0.6393442623
    },
    "PER":{
      "p":0.8938547486,
      "r":0.8888888889,
      "f":0.8913649025
    },
    "LOC":{
      "p":0.7232142857,
      "r":0.84375,
      "f":0.7788461538
    },
    "ORG":{
      "p":0.6486486486,
      "r":0.4472049689,
      "f":0.5294117647
    }
  }
}