{
  "token_acc":0.9991508916,
  "tag_acc":0.974025974,
  "dep_uas":0.8519640984,
  "dep_las":0.8182983683,
  "ents_p":0.7430683919,
  "ents_r":0.7204301075,
  "ents_f":0.7315741583,
  "sents_p":0.8588640275,
  "sents_r":0.8831858407,
  "sents_f":0.8708551483,
  "speed":9855.4849199845,
  "dep_las_per_type":{
    "nummod":{
      "p":0.8018018018,
      "r":0.7807017544,
      "f":0.7911111111
    },
    "amod":{
      "p":0.8530534351,
      "r":0.8186813187,
      "f":0.8355140187
    },
    "nmod":{
      "p":0.7056179775,
      "r":0.6916299559,
      "f":0.6985539488
    },
    "nsubj":{
      "p":0.8872497366,
      "r":0.889123548,
      "f":0.888185654
    },
    "flat":{
      "p":0.8936170213,
      "r":0.8936170213,
      "f":0.8936170213
    },
    "cc":{
      "p":0.839869281,
      "r":0.8481848185,
      "f":0.8440065681
    },
    "conj":{
      "p":0.676056338,
      "r":0.6956521739,
      "f":0.6857142857
    },
    "root":{
      "p":0.8424657534,
      "r":0.8707964602,
      "f":0.8563968668
    },
    "advmod":{
      "p":0.7719054242,
      "r":0.7686980609,
      "f":0.7702984039
    },
    "mark":{
      "p":0.9265658747,
      "r":0.9225806452,
      "f":0.9245689655
    },
    "aux":{
      "p":0.8919753086,
      "r":0.8892307692,
      "f":0.8906009245
    },
    "ccomp":{
      "p":0.7176470588,
      "r":0.7721518987,
      "f":0.743902439
    },
    "case":{
      "p":0.9056203606,
      "r":0.8970588235,
      "f":0.9013192612
    },
    "det":{
      "p":0.9184890656,
      "r":0.9314516129,
      "f":0.9249249249
    },
    "obl":{
      "p":0.7572156197,
      "r":0.7170418006,
      "f":0.7365813377
    },
    "nmod:poss":{
      "p":0.6545454545,
      "r":0.6605504587,
      "f":0.6575342466
    },
    "obj":{
      "p":0.8418079096,
      "r":0.8579654511,
      "f":0.8498098859
    },
    "cop":{
      "p":0.8531073446,
      "r":0.8579545455,
      "f":0.8555240793
    },
    "acl:relcl":{
      "p":0.6686046512,
      "r":0.6284153005,
      "f":0.6478873239
    },
    "compound:prt":{
      "p":0.5714285714,
      "r":0.4705882353,
      "f":0.5161290323
    },
    "advcl":{
      "p":0.752293578,
      "r":0.780952381,
      "f":0.7663551402
    },
    "fixed":{
      "p":0.9454545455,
      "r":0.8253968254,
      "f":0.8813559322
    },
    "dep":{
      "p":0.1139240506,
      "r":0.3103448276,
      "f":0.1666666667
    },
    "iobj":{
      "p":0.875,
      "r":0.4666666667,
      "f":0.6086956522
    },
    "appos":{
      "p":0.4081632653,
      "r":0.5263157895,
      "f":0.4597701149
    },
    "obl:tmod":{
      "p":0.6666666667,
      "r":0.25,
      "f":0.3636363636
    },
    "xcomp":{
      "p":0.7222222222,
      "r":0.5098039216,
      "f":0.5977011494
    },
    "obl:loc":{
      "p":0.8333333333,
      "r":0.7843137255,
      "f":0.8080808081
    },
    "expl":{
      "p":0.8461538462,
      "r":0.8461538462,
      "f":0.8461538462
    },
    "list":{
      "p":0.1818181818,
      "r":0.1176470588,
      "f":0.1428571429
    },
    "vocative":{
      "p":0.0,
      "r":0.0,
      "f":0.0
    },
    "discourse":{
      "p":0.0,
      "r":0.0,
      "f":0.0
    },
    "goeswith":{
      "p":0.0,
      "r":0.0,
      "f":0.0
    }
  },
  "ents_per_type":{
    "MISC":{
      "p":0.6869565217,
      "r":0.652892562,
      "f":0.6694915254
    },
    "PER":{
      "p":0.8020833333,
      "r":0.8555555556,
      "f":0.8279569892
    },
    "LOC":{
      "p":0.7475728155,
      "r":0.8020833333,
      "f":0.7738693467
    },
    "ORG":{
      "p":0.7022900763,
      "r":0.5714285714,
      "f":0.6301369863
    }
  }
}