{
  "token_acc":0.9991508916,
  "tag_acc":0.976874282,
  "dep_uas":0.8644522145,
  "dep_las":0.8304877338,
  "ents_p":0.7767527675,
  "ents_r":0.7544802867,
  "ents_f":0.7654545455,
  "sents_p":0.8838028169,
  "sents_r":0.8884955752,
  "sents_f":0.8861429832,
  "speed":10670.7058581831,
  "dep_las_per_type":{
    "nummod":{
      "p":0.8125,
      "r":0.798245614,
      "f":0.8053097345
    },
    "amod":{
      "p":0.866419295,
      "r":0.8553113553,
      "f":0.8608294931
    },
    "nmod":{
      "p":0.7101769912,
      "r":0.7070484581,
      "f":0.7086092715
    },
    "nsubj":{
      "p":0.9014830508,
      "r":0.8986272439,
      "f":0.9000528821
    },
    "flat":{
      "p":0.9184782609,
      "r":0.8989361702,
      "f":0.9086021505
    },
    "cc":{
      "p":0.847133758,
      "r":0.8778877888,
      "f":0.8622366288
    },
    "conj":{
      "p":0.7188405797,
      "r":0.7188405797,
      "f":0.7188405797
    },
    "root":{
      "p":0.8649122807,
      "r":0.8725663717,
      "f":0.868722467
    },
    "advmod":{
      "p":0.7790055249,
      "r":0.7811634349,
      "f":0.7800829876
    },
    "mark":{
      "p":0.9252136752,
      "r":0.9311827957,
      "f":0.9281886388
    },
    "aux":{
      "p":0.9102167183,
      "r":0.9046153846,
      "f":0.9074074074
    },
    "ccomp":{
      "p":0.6818181818,
      "r":0.7594936709,
      "f":0.7185628743
    },
    "case":{
      "p":0.9094781683,
      "r":0.8970588235,
      "f":0.9032258065
    },
    "det":{
      "p":0.9324055666,
      "r":0.9455645161,
      "f":0.9389389389
    },
    "obl":{
      "p":0.7834710744,
      "r":0.7620578778,
      "f":0.7726161369
    },
    "nmod:poss":{
      "p":0.6936936937,
      "r":0.7064220183,
      "f":0.7
    },
    "obj":{
      "p":0.8644400786,
      "r":0.8445297505,
      "f":0.854368932
    },
    "cop":{
      "p":0.8406593407,
      "r":0.8693181818,
      "f":0.8547486034
    },
    "acl:relcl":{
      "p":0.6857142857,
      "r":0.6557377049,
      "f":0.6703910615
    },
    "compound:prt":{
      "p":0.5925925926,
      "r":0.4705882353,
      "f":0.5245901639
    },
    "advcl":{
      "p":0.71,
      "r":0.6761904762,
      "f":0.6926829268
    },
    "fixed":{
      "p":0.962962963,
      "r":0.8253968254,
      "f":0.8888888889
    },
    "dep":{
      "p":0.0898876404,
      "r":0.275862069,
      "f":0.1355932203
    },
    "iobj":{
      "p":0.5833333333,
      "r":0.4666666667,
      "f":0.5185185185
    },
    "appos":{
      "p":0.65625,
      "r":0.5526315789,
      "f":0.6
    },
    "obl:tmod":{
      "p":0.6666666667,
      "r":0.375,
      "f":0.48
    },
    "xcomp":{
      "p":0.7741935484,
      "r":0.4705882353,
      "f":0.5853658537
    },
    "obl:loc":{
      "p":0.7368421053,
      "r":0.8235294118,
      "f":0.7777777778
    },
    "expl":{
      "p":0.9166666667,
      "r":0.8461538462,
      "f":0.88
    },
    "list":{
      "p":0.1111111111,
      "r":0.1176470588,
      "f":0.1142857143
    },
    "vocative":{
      "p":0.0,
      "r":0.0,
      "f":0.0
    },
    "discourse":{
      "p":0.0,
      "r":0.0,
      "f":0.0
    },
    "goeswith":{
      "p":0.0,
      "r":0.0,
      "f":0.0
    }
  },
  "ents_per_type":{
    "MISC":{
      "p":0.6875,
      "r":0.7272727273,
      "f":0.7068273092
    },
    "PER":{
      "p":0.8641304348,
      "r":0.8833333333,
      "f":0.8736263736
    },
    "LOC":{
      "p":0.7706422018,
      "r":0.875,
      "f":0.8195121951
    },
    "ORG":{
      "p":0.7438016529,
      "r":0.5590062112,
      "f":0.6382978723
    }
  }
}