{
  "token_acc":0.9991508916,
  "tag_acc":0.9722791069,
  "dep_uas":0.8461224728,
  "dep_las":0.8102062216,
  "ents_p":0.75,
  "ents_r":0.7258064516,
  "ents_f":0.737704918,
  "sents_p":0.8477508651,
  "sents_r":0.8672566372,
  "sents_f":0.8573928259,
  "speed":10029.0005892393,
  "dep_las_per_type":{
    "nummod":{
      "p":0.7807017544,
      "r":0.7807017544,
      "f":0.7807017544
    },
    "amod":{
      "p":0.8412408759,
      "r":0.8443223443,
      "f":0.8427787934
    },
    "nmod":{
      "p":0.686695279,
      "r":0.704845815,
      "f":0.6956521739
    },
    "nsubj":{
      "p":0.8813376483,
      "r":0.8627243928,
      "f":0.8719316969
    },
    "flat":{
      "p":0.9382022472,
      "r":0.8882978723,
      "f":0.912568306
    },
    "cc":{
      "p":0.8433333333,
      "r":0.8349834983,
      "f":0.8391376451
    },
    "conj":{
      "p":0.6774193548,
      "r":0.6695652174,
      "f":0.6734693878
    },
    "root":{
      "p":0.8324697755,
      "r":0.8530973451,
      "f":0.8426573427
    },
    "advmod":{
      "p":0.764868603,
      "r":0.7659279778,
      "f":0.7653979239
    },
    "mark":{
      "p":0.9161147903,
      "r":0.8924731183,
      "f":0.9041394336
    },
    "aux":{
      "p":0.8816199377,
      "r":0.8707692308,
      "f":0.8761609907
    },
    "ccomp":{
      "p":0.6413043478,
      "r":0.746835443,
      "f":0.6900584795
    },
    "case":{
      "p":0.9048625793,
      "r":0.8991596639,
      "f":0.9020021075
    },
    "det":{
      "p":0.9168316832,
      "r":0.9334677419,
      "f":0.9250749251
    },
    "obl":{
      "p":0.7367549669,
      "r":0.7154340836,
      "f":0.7259380098
    },
    "nmod:poss":{
      "p":0.7090909091,
      "r":0.7155963303,
      "f":0.7123287671
    },
    "obj":{
      "p":0.831758034,
      "r":0.8445297505,
      "f":0.8380952381
    },
    "cop":{
      "p":0.8277777778,
      "r":0.8465909091,
      "f":0.8370786517
    },
    "acl:relcl":{
      "p":0.6457142857,
      "r":0.6174863388,
      "f":0.6312849162
    },
    "compound:prt":{
      "p":0.5,
      "r":0.4117647059,
      "f":0.4516129032
    },
    "advcl":{
      "p":0.8064516129,
      "r":0.7142857143,
      "f":0.7575757576
    },
    "fixed":{
      "p":0.9811320755,
      "r":0.8253968254,
      "f":0.8965517241
    },
    "xcomp":{
      "p":0.5348837209,
      "r":0.4509803922,
      "f":0.4893617021
    },
    "dep":{
      "p":0.0930232558,
      "r":0.275862069,
      "f":0.1391304348
    },
    "iobj":{
      "p":0.6,
      "r":0.4,
      "f":0.48
    },
    "appos":{
      "p":0.5609756098,
      "r":0.6052631579,
      "f":0.582278481
    },
    "obl:tmod":{
      "p":0.8333333333,
      "r":0.3125,
      "f":0.4545454545
    },
    "obl:loc":{
      "p":0.9090909091,
      "r":0.7843137255,
      "f":0.8421052632
    },
    "expl":{
      "p":0.8648648649,
      "r":0.8205128205,
      "f":0.8421052632
    },
    "list":{
      "p":0.1,
      "r":0.1176470588,
      "f":0.1081081081
    },
    "vocative":{
      "p":0.0,
      "r":0.0,
      "f":0.0
    },
    "discourse":{
      "p":0.0,
      "r":0.0,
      "f":0.0
    },
    "goeswith":{
      "p":0.0,
      "r":0.0,
      "f":0.0
    }
  },
  "ents_per_type":{
    "MISC":{
      "p":0.6323529412,
      "r":0.7107438017,
      "f":0.6692607004
    },
    "ORG":{
      "p":0.7567567568,
      "r":0.5217391304,
      "f":0.6176470588
    },
    "PER":{
      "p":0.8461538462,
      "r":0.8555555556,
      "f":0.8508287293
    },
    "LOC":{
      "p":0.7297297297,
      "r":0.84375,
      "f":0.7826086957
    }
  }
}