{
  "token_acc": 0.9992023928215354,
  "token_p": 0.9970089730807578,
  "token_r": 0.9977052778609199,
  "token_f": 0.9973570039395601,
  "sents_p": 0.940068493150685,
  "sents_r": 0.9716814159292035,
  "sents_f": 0.9556135770234987,
  "tag_acc": 0.9768463073852295,
  "pos_acc": 0.9755975847098158,
  "morph_acc": 0.9669145166924497,
  "morph_micro_p": 0.9846665236971907,
  "morph_micro_r": 0.9741685673367634,
  "morph_micro_f": 0.9793894147447006,
  "morph_per_feat": {
    "NumType": {
      "p": 0.9655172413793104,
      "r": 0.9767441860465116,
      "f": 0.9710982658959537
    },
    "Degree": {
      "p": 0.9532467532467532,
      "r": 0.9483204134366925,
      "f": 0.9507772020725388
    },
    "Number": {
      "p": 0.9828571428571429,
      "r": 0.9695603156708005,
      "f": 0.9761634506242907
    },
    "Definite": {
      "p": 0.9838709677419355,
      "r": 0.965768078733419,
      "f": 0.9747354782984237
    },
    "Gender": {
      "p": 0.9697185607410046,
      "r": 0.9540834209603926,
      "f": 0.9618374558303887
    },
    "Mood": {
      "p": 0.9951876804619827,
      "r": 0.9923224568138196,
      "f": 0.9937530033637675
    },
    "Tense": {
      "p": 0.98973954222573,
      "r": 0.9773967264224473,
      "f": 0.9835294117647058
    },
    "VerbForm": {
      "p": 0.993666877770741,
      "r": 0.9843161856963614,
      "f": 0.9889694295619288
    },
    "Voice": {
      "p": 0.9947643979057592,
      "r": 0.9917971662938105,
      "f": 0.9932785660941
    },
    "AdpType": {
      "p": 0.9990680335507922,
      "r": 0.9962825278810409,
      "f": 0.9976733364355514
    },
    "PronType": {
      "p": 0.9918625678119349,
      "r": 0.990072202166065,
      "f": 0.99096657633243
    },
    "Case": {
      "p": 0.9984301412872841,
      "r": 0.986046511627907,
      "f": 0.9921996879875196
    },
    "Person": {
      "p": 0.9895470383275261,
      "r": 0.9844020797227037,
      "f": 0.9869678540399652
    },
    "Number[psor]": {
      "p": 0.9634146341463414,
      "r": 0.9753086419753086,
      "f": 0.9693251533742332
    },
    "Poss": {
      "p": 0.975609756097561,
      "r": 0.9876543209876543,
      "f": 0.9815950920245398
    },
    "PartType": {
      "p": 0.9924528301886792,
      "r": 0.9887218045112782,
      "f": 0.9905838041431262
    },
    "Reflex": {
      "p": 1.0,
      "r": 1.0,
      "f": 1.0
    },
    "Abbr": {
      "p": 0.25,
      "r": 0.5,
      "f": 0.3333333333333333
    },
    "Foreign": {
      "p": 0.0,
      "r": 0.0,
      "f": 0.0
    },
    "Style": {
      "p": 1.0,
      "r": 0.25,
      "f": 0.4
    },
    "Polite": {
      "p": 0.0,
      "r": 0.0,
      "f": 0.0
    }
  },
  "dep_uas": 0.867350507052104,
  "dep_las": 0.8316531670648563,
  "dep_las_per_type": {
    "nummod": {
      "p": 0.7981651376146789,
      "r": 0.7699115044247787,
      "f": 0.7837837837837838
    },
    "amod": {
      "p": 0.8306595365418895,
      "r": 0.8550458715596331,
      "f": 0.8426763110307415
    },
    "nmod": {
      "p": 0.7130434782608696,
      "r": 0.7161572052401747,
      "f": 0.7145969498910676
    },
    "nsubj": {
      "p": 0.9101604278074866,
      "r": 0.9005291005291005,
      "f": 0.9053191489361703
    },
    "flat": {
      "p": 0.9270833333333334,
      "r": 0.9468085106382979,
      "f": 0.9368421052631578
    },
    "cc": {
      "p": 0.8835616438356164,
      "r": 0.8543046357615894,
      "f": 0.8686868686868687
    },
    "conj": {
      "p": 0.7530120481927711,
      "r": 0.7225433526011561,
      "f": 0.7374631268436578
    },
    "root": {
      "p": 0.8473413379073756,
      "r": 0.8743362831858407,
      "f": 0.8606271777003485
    },
    "advmod": {
      "p": 0.7937685459940653,
      "r": 0.8020989505247377,
      "f": 0.7979120059656972
    },
    "mark": {
      "p": 0.9123595505617977,
      "r": 0.9042316258351893,
      "f": 0.9082774049217003
    },
    "aux": {
      "p": 0.9537037037037037,
      "r": 0.9507692307692308,
      "f": 0.9522342064714947
    },
    "ccomp": {
      "p": 0.7432432432432432,
      "r": 0.6962025316455697,
      "f": 0.7189542483660132
    },
    "case": {
      "p": 0.908994708994709,
      "r": 0.9013641133263379,
      "f": 0.9051633298208641
    },
    "det": {
      "p": 0.9271653543307087,
      "r": 0.9495967741935484,
      "f": 0.9382470119521912
    },
    "obl": {
      "p": 0.7755775577557755,
      "r": 0.7448494453248812,
      "f": 0.7599029911075181
    },
    "nmod:poss": {
      "p": 0.8173076923076923,
      "r": 0.7798165137614679,
      "f": 0.7981220657276996
    },
    "obj": {
      "p": 0.8266423357664233,
      "r": 0.8628571428571429,
      "f": 0.8443616029822926
    },
    "xcomp": {
      "p": 0.66,
      "r": 0.515625,
      "f": 0.5789473684210525
    },
    "cop": {
      "p": 0.852760736196319,
      "r": 0.852760736196319,
      "f": 0.852760736196319
    },
    "acl:relcl": {
      "p": 0.6875,
      "r": 0.6612021857923497,
      "f": 0.6740947075208913
    },
    "advcl": {
      "p": 0.6666666666666666,
      "r": 0.7051282051282052,
      "f": 0.6853582554517134
    },
    "dep": {
      "p": 0.09210526315789473,
      "r": 0.23333333333333334,
      "f": 0.13207547169811318
    },
    "compound:prt": {
      "p": 0.4838709677419355,
      "r": 0.4411764705882353,
      "f": 0.4615384615384615
    },
    "fixed": {
      "p": 0.819672131147541,
      "r": 0.8064516129032258,
      "f": 0.8130081300813008
    },
    "iobj": {
      "p": 0.5,
      "r": 0.4,
      "f": 0.4444444444444445
    },
    "appos": {
      "p": 0.5675675675675675,
      "r": 0.5526315789473685,
      "f": 0.5599999999999999
    },
    "obl:tmod": {
      "p": 0.5714285714285714,
      "r": 0.25,
      "f": 0.34782608695652173
    },
    "advmod:lmod": {
      "p": 0.7037037037037037,
      "r": 0.7916666666666666,
      "f": 0.7450980392156864
    },
    "expl": {
      "p": 0.8717948717948718,
      "r": 0.8717948717948718,
      "f": 0.8717948717948718
    },
    "list": {
      "p": 0.25,
      "r": 0.11764705882352941,
      "f": 0.15999999999999998
    },
    "obl:lmod": {
      "p": 0.3333333333333333,
      "r": 0.3333333333333333,
      "f": 0.3333333333333333
    },
    "parataxis": {
      "p": 0.0,
      "r": 0.0,
      "f": 0.0
    },
    "orphan": {
      "p": 0.0,
      "r": 0.0,
      "f": 0.0
    },
    "vocative": {
      "p": 0.0,
      "r": 0.0,
      "f": 0.0
    },
    "discourse": {
      "p": 0.0,
      "r": 0.0,
      "f": 0.0
    },
    "dislocated": {
      "p": 0.0,
      "r": 0.0,
      "f": 0.0
    },
    "compound": {
      "p": 0.0,
      "r": 0.0,
      "f": 0.0
    }
  },
  "ents_p": 0.7715877437325905,
  "ents_r": 0.496415770609319,
  "ents_f": 0.604143947655398,
  "ents_per_type": {
    "LOC": {
      "p": 0.8309859154929577,
      "r": 0.6145833333333334,
      "f": 0.7065868263473054
    },
    "ORG": {
      "p": 0.6126126126126126,
      "r": 0.422360248447205,
      "f": 0.5000000000000001
    },
    "MISC": {
      "p": 0.7058823529411765,
      "r": 0.39669421487603307,
      "f": 0.5079365079365079
    },
    "PER": {
      "p": 0.9357798165137615,
      "r": 0.5666666666666667,
      "f": 0.7058823529411765
    }
  },
  "lemma_acc": 0.8151658767772513,
  "coref_lea_f1": 0.2680752159802522,
  "coref_lea_precision": 0.41545828857858935,
  "coref_lea_recall": 0.19787826219559118,
  "nel_score": 0.34838709677419355,
  "nel_score_desc": "micro F",
  "nel_micro_p": 0.8181818181818182,
  "nel_micro_r": 0.22131147540983606,
  "nel_micro_f": 0.34838709677419355,
  "nel_macro_p": 0.9,
  "nel_macro_r": 0.27177083333333335,
  "nel_macro_f": 0.395375955566173,
  "nel_f_per_type": {
    "MISC": {
      "p": 1.0,
      "r": 0.28,
      "f": 0.43750000000000006
    },
    "PER": {
      "p": 1.0,
      "r": 0.09375,
      "f": 0.17142857142857143
    },
    "LOC": {
      "p": 1.0,
      "r": 0.5333333333333333,
      "f": 0.6956521739130436
    },
    "ORG": {
      "p": 0.6,
      "r": 0.18,