{
  "token_acc":0.9991508916,
  "token_p":0.9965066374,
  "token_r":0.9961089494,
  "token_f":0.9963077537,
  "pos_acc":0.9589410589,
  "morph_acc":0.9575424575,
  "morph_per_feat":{
    "NumType":{
      "p":0.9939393939,
      "r":0.9534883721,
      "f":0.9732937685
    },
    "Degree":{
      "p":0.9702702703,
      "r":0.9276485788,
      "f":0.9484808454
    },
    "Number":{
      "p":0.9877408056,
      "r":0.9537767756,
      "f":0.9704617149
    },
    "Definite":{
      "p":0.98885918,
      "r":0.9495079161,
      "f":0.9687841083
    },
    "Gender":{
      "p":0.9783236994,
      "r":0.9491763056,
      "f":0.9635296211
    },
    "Mood":{
      "p":0.9970674487,
      "r":0.9788867562,
      "f":0.9878934625
    },
    "Tense":{
      "p":0.9857029388,
      "r":0.9672642245,
      "f":0.9763965382
    },
    "VerbForm":{
      "p":0.9871877002,
      "r":0.9667503137,
      "f":0.9768621236
    },
    "Voice":{
      "p":0.99543379,
      "r":0.9753914989,
      "f":0.9853107345
    },
    "AdpType":{
      "p":1.0,
      "r":0.967472119,
      "f":0.9834671705
    },
    "PronType":{
      "p":0.9926402944,
      "r":0.9738267148,
      "f":0.983143508
    },
    "Case":{
      "p":0.9951845907,
      "r":0.9612403101,
      "f":0.9779179811
    },
    "Person":{
      "p":0.9947183099,
      "r":0.979202773,
      "f":0.9868995633
    },
    "Number[psor]":{
      "p":1.0,
      "r":0.987654321,
      "f":0.9937888199
    },
    "Poss":{
      "p":1.0,
      "r":0.987654321,
      "f":0.9937888199
    },
    "PartType":{
      "p":1.0,
      "r":0.9697986577,
      "f":0.9846678024
    },
    "Reflex":{
      "p":1.0,
      "r":0.9836065574,
      "f":0.9917355372
    },
    "Foreign":{
      "p":0.3333333333,
      "r":0.2,
      "f":0.25
    },
    "Style":{
      "p":1.0,
      "r":1.0,
      "f":1.0
    },
    "Polite":{
      "p":1.0,
      "r":0.6666666667,
      "f":0.8
    },
    "Abbr":{
      "p":1.0,
      "r":0.5,
      "f":0.6666666667
    }
  },
  "sents_p":0.8943661972,
  "sents_r":0.8991150442,
  "sents_f":0.8967343336,
  "dep_uas":0.8528133443,
  "dep_las":0.8211663828,
  "dep_las_per_type":{
    "nummod":{
      "p":0.8148148148,
      "r":0.7719298246,
      "f":0.7927927928
    },
    "amod":{
      "p":0.8579654511,
      "r":0.8186813187,
      "f":0.8378631678
    },
    "nmod":{
      "p":0.7065217391,
      "r":0.7158590308,
      "f":0.7111597374
    },
    "nsubj":{
      "p":0.8996763754,
      "r":0.8806758184,
      "f":0.8900747065
    },
    "flat":{
      "p":0.8168316832,
      "r":0.8776595745,
      "f":0.8461538462
    },
    "cc":{
      "p":0.8662207358,
      "r":0.8547854785,
      "f":0.8604651163
    },
    "conj":{
      "p":0.7507331378,
      "r":0.7420289855,
      "f":0.7463556851
    },
    "root":{
      "p":0.8657243816,
      "r":0.8672566372,
      "f":0.866489832
    },
    "advmod":{
      "p":0.784992785,
      "r":0.7534626039,
      "f":0.7689045936
    },
    "mark":{
      "p":0.9090909091,
      "r":0.9032258065,
      "f":0.9061488673
    },
    "aux":{
      "p":0.8955696203,
      "r":0.8707692308,
      "f":0.8829953198
    },
    "ccomp":{
      "p":0.7209302326,
      "r":0.7848101266,
      "f":0.7515151515
    },
    "case":{
      "p":0.9097826087,
      "r":0.8792016807,
      "f":0.8942307692
    },
    "det":{
      "p":0.932790224,
      "r":0.9233870968,
      "f":0.928064843
    },
    "obl":{
      "p":0.7793103448,
      "r":0.7266881029,
      "f":0.7520798669
    },
    "nmod:poss":{
      "p":0.6981132075,
      "r":0.6788990826,
      "f":0.688372093
    },
    "obj":{
      "p":0.8622047244,
      "r":0.8406909789,
      "f":0.8513119534
    },
    "cop":{
      "p":0.8166666667,
      "r":0.8352272727,
      "f":0.8258426966
    },
    "acl:relcl":{
      "p":0.6847826087,
      "r":0.6885245902,
      "f":0.6866485014
    },
    "compound:prt":{
      "p":0.619047619,
      "r":0.3823529412,
      "f":0.4727272727
    },
    "advcl":{
      "p":0.7346938776,
      "r":0.6857142857,
      "f":0.7093596059
    },
    "fixed":{
      "p":0.9454545455,
      "r":0.8253968254,
      "f":0.8813559322
    },
    "dep":{
      "p":0.125,
      "r":0.4137931034,
      "f":0.192
    },
    "iobj":{
      "p":0.5833333333,
      "r":0.4666666667,
      "f":0.5185185185
    },
    "appos":{
      "p":0.5476190476,
      "r":0.6052631579,
      "f":0.575
    },
    "obl:tmod":{
      "p":0.5454545455,
      "r":0.375,
      "f":0.4444444444
    },
    "xcomp":{
      "p":0.8064516129,
      "r":0.4901960784,
      "f":0.6097560976
    },
    "obl:loc":{
      "p":0.7272727273,
      "r":0.7843137255,
      "f":0.7547169811
    },
    "expl":{
      "p":0.9696969697,
      "r":0.8205128205,
      "f":0.8888888889
    },
    "list":{
      "p":0.2352941176,
      "r":0.2352941176,
      "f":0.2352941176
    },
    "vocative":{
      "p":0.0,
      "r":0.0,
      "f":0.0
    },
    "discourse":{
      "p":0.0,
      "r":0.0,
      "f":0.0
    },
    "goeswith":{
      "p":0.0,
      "r":0.0,
      "f":0.0
    }
  },
  "lemma_acc":0.8439450687,
  "ents_p":0.7705223881,
  "ents_r":0.7401433692,
  "ents_f":0.7550274223,
  "ents_per_type":{
    "MISC":{
      "p":0.688,
      "r":0.7107438017,
      "f":0.6991869919
    },
    "PER":{
      "p":0.8926553672,
      "r":0.8777777778,
      "f":0.8851540616
    },
    "LOC":{
      "p":0.7,
      "r":0.8020833333,
      "f":0.7475728155
    },
    "ORG":{
      "p":0.7419354839,
      "r":0.5714285714,
      "f":0.6456140351
    }
  },
  "speed":8675.405668843
}