{
  "token_acc":0.9991508916,
  "token_p":0.9965066374,
  "token_r":0.9961089494,
  "token_f":0.9963077537,
  "pos_acc":0.9772738624,
  "morph_acc":0.9733779531,
  "morph_per_feat":{
    "NumType":{
      "p":0.9941176471,
      "r":0.9825581395,
      "f":0.9883040936
    },
    "Degree":{
      "p":0.9776902887,
      "r":0.9625322997,
      "f":0.9700520833
    },
    "Number":{
      "p":0.9880239521,
      "r":0.9766065389,
      "f":0.9822820695
    },
    "Definite":{
      "p":0.9886907351,
      "r":0.972614463,
      "f":0.9805867127
    },
    "Gender":{
      "p":0.9776119403,
      "r":0.9642481598,
      "f":0.9708840656
    },
    "Mood":{
      "p":0.9942418426,
      "r":0.9942418426,
      "f":0.9942418426
    },
    "Tense":{
      "p":0.9866979656,
      "r":0.982852689,
      "f":0.9847715736
    },
    "VerbForm":{
      "p":0.9892676768,
      "r":0.9830614806,
      "f":0.9861548143
    },
    "Voice":{
      "p":0.994760479,
      "r":0.9910514541,
      "f":0.9929025028
    },
    "AdpType":{
      "p":0.9972118959,
      "r":0.9972118959,
      "f":0.9972118959
    },
    "PronType":{
      "p":0.9963636364,
      "r":0.9891696751,
      "f":0.9927536232
    },
    "Case":{
      "p":0.9984251969,
      "r":0.9829457364,
      "f":0.990625
    },
    "Person":{
      "p":0.9947826087,
      "r":0.9913344887,
      "f":0.9930555556
    },
    "Number[psor]":{
      "p":1.0,
      "r":1.0,
      "f":1.0
    },
    "Poss":{
      "p":1.0,
      "r":1.0,
      "f":1.0
    },
    "PartType":{
      "p":1.0,
      "r":0.9966442953,
      "f":0.9983193277
    },
    "Reflex":{
      "p":1.0,
      "r":1.0,
      "f":1.0
    },
    "Foreign":{
      "p":0.0,
      "r":0.0,
      "f":0.0
    },
    "Style":{
      "p":1.0,
      "r":1.0,
      "f":1.0
    },
    "Polite":{
      "p":0.0,
      "r":0.0,
      "f":0.0
    },
    "Abbr":{
      "p":0.3333333333,
      "r":0.5,
      "f":0.4
    }
  },
  "sents_p":0.8444444444,
  "sents_r":0.8743362832,
  "sents_f":0.8591304348,
  "dep_uas":0.8775914279,
  "dep_las":0.8479096308,
  "dep_las_per_type":{
    "nummod":{
      "p":0.8363636364,
      "r":0.8070175439,
      "f":0.8214285714
    },
    "amod":{
      "p":0.8841911765,
      "r":0.880952381,
      "f":0.8825688073
    },
    "nmod":{
      "p":0.768707483,
      "r":0.7466960352,
      "f":0.7575418994
    },
    "nsubj":{
      "p":0.9043112513,
      "r":0.9081309398,
      "f":0.9062170706
    },
    "flat":{
      "p":0.9157894737,
      "r":0.9255319149,
      "f":0.9206349206
    },
    "cc":{
      "p":0.8333333333,
      "r":0.8580858086,
      "f":0.8455284553
    },
    "conj":{
      "p":0.8040345821,
      "r":0.8086956522,
      "f":0.8063583815
    },
    "root":{
      "p":0.8409475465,
      "r":0.8796460177,
      "f":0.8598615917
    },
    "advmod":{
      "p":0.8061797753,
      "r":0.7950138504,
      "f":0.8005578801
    },
    "mark":{
      "p":0.9434782609,
      "r":0.9333333333,
      "f":0.9383783784
    },
    "aux":{
      "p":0.903125,
      "r":0.8892307692,
      "f":0.896124031
    },
    "ccomp":{
      "p":0.6813186813,
      "r":0.7848101266,
      "f":0.7294117647
    },
    "case":{
      "p":0.920855615,
      "r":0.9044117647,
      "f":0.9125596184
    },
    "det":{
      "p":0.9422310757,
      "r":0.9536290323,
      "f":0.9478957916
    },
    "obl":{
      "p":0.807628524,
      "r":0.7829581994,
      "f":0.7951020408
    },
    "nmod:poss":{
      "p":0.7181818182,
      "r":0.7247706422,
      "f":0.7214611872
    },
    "obj":{
      "p":0.8874045802,
      "r":0.8925143954,
      "f":0.8899521531
    },
    "cop":{
      "p":0.827027027,
      "r":0.8693181818,
      "f":0.8476454294
    },
    "acl:relcl":{
      "p":0.6923076923,
      "r":0.6885245902,
      "f":0.6904109589
    },
    "compound:prt":{
      "p":0.6333333333,
      "r":0.5588235294,
      "f":0.59375
    },
    "advcl":{
      "p":0.7765957447,
      "r":0.6952380952,
      "f":0.7336683417
    },
    "fixed":{
      "p":0.9818181818,
      "r":0.8571428571,
      "f":0.9152542373
    },
    "dep":{
      "p":0.0813953488,
      "r":0.2413793103,
      "f":0.1217391304
    },
    "iobj":{
      "p":0.7777777778,
      "r":0.4666666667,
      "f":0.5833333333
    },
    "appos":{
      "p":0.696969697,
      "r":0.6052631579,
      "f":0.6478873239
    },
    "obl:tmod":{
      "p":0.7272727273,
      "r":0.5,
      "f":0.5925925926
    },
    "xcomp":{
      "p":0.7647058824,
      "r":0.5098039216,
      "f":0.6117647059
    },
    "obl:loc":{
      "p":0.8235294118,
      "r":0.8235294118,
      "f":0.8235294118
    },
    "expl":{
      "p":0.9142857143,
      "r":0.8205128205,
      "f":0.8648648649
    },
    "list":{
      "p":0.3846153846,
      "r":0.2941176471,
      "f":0.3333333333
    },
    "vocative":{
      "p":0.0,
      "r":0.0,
      "f":0.0
    },
    "discourse":{
      "p":0.0,
      "r":0.0,
      "f":0.0
    },
    "goeswith":{
      "p":0.0,
      "r":0.0,
      "f":0.0
    }
  },
  "lemma_acc":0.8439450687,
  "ents_p":0.7889908257,
  "ents_r":0.770609319,
  "ents_f":0.7796917498,
  "ents_per_type":{
    "MISC":{
      "p":0.7063492063,
      "r":0.7355371901,
      "f":0.7206477733
    },
    "PER":{
      "p":0.8839779006,
      "r":0.8888888889,
      "f":0.8864265928
    },
    "LOC":{
      "p":0.7962962963,
      "r":0.8958333333,
      "f":0.8431372549
    },
    "ORG":{
      "p":0.7307692308,
      "r":0.5900621118,
      "f":0.6529209622
    }
  },
  "speed":8422.839209001
}