{
  "token_acc":0.9991508916,
  "token_p":0.9965066374,
  "token_r":0.9961089494,
  "token_f":0.9963077537,
  "pos_acc":0.9853639043,
  "morph_acc":0.9804685549,
  "morph_per_feat":{
    "NumType":{
      "p":1.0,
      "r":0.976744186,
      "f":0.9882352941
    },
    "Degree":{
      "p":0.9828722003,
      "r":0.9638242894,
      "f":0.9732550554
    },
    "Number":{
      "p":0.9892412231,
      "r":0.9847801578,
      "f":0.9870056497
    },
    "Definite":{
      "p":0.9930945188,
      "r":0.9845956354,
      "f":0.9888268156
    },
    "Gender":{
      "p":0.9851956292,
      "r":0.9796705223,
      "f":0.9824253076
    },
    "Mood":{
      "p":0.9990384615,
      "r":0.9971209213,
      "f":0.9980787704
    },
    "Tense":{
      "p":0.9929742389,
      "r":0.9914263445,
      "f":0.992199688
    },
    "VerbForm":{
      "p":0.9924528302,
      "r":0.9899623588,
      "f":0.9912060302
    },
    "Voice":{
      "p":0.995508982,
      "r":0.9917971663,
      "f":0.9936496078
    },
    "AdpType":{
      "p":1.0,
      "r":0.9962825279,
      "f":0.9981378026
    },
    "PronType":{
      "p":0.9918991899,
      "r":0.9945848375,
      "f":0.9932401983
    },
    "Case":{
      "p":0.9968553459,
      "r":0.9829457364,
      "f":0.9898516784
    },
    "Person":{
      "p":0.9982578397,
      "r":0.993067591,
      "f":0.9956559513
    },
    "Number[psor]":{
      "p":1.0,
      "r":1.0,
      "f":1.0
    },
    "Poss":{
      "p":1.0,
      "r":1.0,
      "f":1.0
    },
    "PartType":{
      "p":1.0,
      "r":1.0,
      "f":1.0
    },
    "Reflex":{
      "p":1.0,
      "r":1.0,
      "f":1.0
    },
    "Foreign":{
      "p":0.0,
      "r":0.0,
      "f":0.0
    },
    "Style":{
      "p":1.0,
      "r":1.0,
      "f":1.0
    },
    "Polite":{
      "p":1.0,
      "r":0.6666666667,
      "f":0.8
    },
    "Abbr":{
      "p":1.0,
      "r":0.5,
      "f":0.6666666667
    }
  },
  "sents_p":0.9644760213,
  "sents_r":0.9610619469,
  "sents_f":0.9627659574,
  "dep_uas":0.905677976,
  "dep_las":0.8820237818,
  "dep_las_per_type":{
    "nummod":{
      "p":0.8584070796,
      "r":0.850877193,
      "f":0.8546255507
    },
    "amod":{
      "p":0.8950276243,
      "r":0.8901098901,
      "f":0.8925619835
    },
    "nmod":{
      "p":0.7977777778,
      "r":0.7907488987,
      "f":0.7942477876
    },
    "nsubj":{
      "p":0.9459172853,
      "r":0.9419218585,
      "f":0.9439153439
    },
    "flat":{
      "p":0.9193548387,
      "r":0.9095744681,
      "f":0.9144385027
    },
    "cc":{
      "p":0.8892508143,
      "r":0.900990099,
      "f":0.8950819672
    },
    "conj":{
      "p":0.8658892128,
      "r":0.8608695652,
      "f":0.863372093
    },
    "root":{
      "p":0.9309734513,
      "r":0.9309734513,
      "f":0.9309734513
    },
    "advmod":{
      "p":0.8431911967,
      "r":0.8490304709,
      "f":0.8461007591
    },
    "mark":{
      "p":0.9402985075,
      "r":0.9483870968,
      "f":0.9443254818
    },
    "aux":{
      "p":0.9467084639,
      "r":0.9292307692,
      "f":0.9378881988
    },
    "ccomp":{
      "p":0.75,
      "r":0.835443038,
      "f":0.7904191617
    },
    "case":{
      "p":0.9315508021,
      "r":0.9149159664,
      "f":0.9231584526
    },
    "det":{
      "p":0.946,
      "r":0.9536290323,
      "f":0.9497991968
    },
    "obl":{
      "p":0.8647746244,
      "r":0.8327974277,
      "f":0.8484848485
    },
    "nmod:poss":{
      "p":0.752293578,
      "r":0.752293578,
      "f":0.752293578
    },
    "obj":{
      "p":0.929389313,
      "r":0.9347408829,
      "f":0.9320574163
    },
    "cop":{
      "p":0.904494382,
      "r":0.9147727273,
      "f":0.9096045198
    },
    "acl:relcl":{
      "p":0.7354497354,
      "r":0.7595628415,
      "f":0.747311828
    },
    "compound:prt":{
      "p":0.75,
      "r":0.5294117647,
      "f":0.6206896552
    },
    "advcl":{
      "p":0.7857142857,
      "r":0.7333333333,
      "f":0.7586206897
    },
    "fixed":{
      "p":0.9259259259,
      "r":0.7936507937,
      "f":0.8547008547
    },
    "dep":{
      "p":0.1313131313,
      "r":0.4482758621,
      "f":0.203125
    },
    "iobj":{
      "p":0.9,
      "r":0.6,
      "f":0.72
    },
    "appos":{
      "p":0.7105263158,
      "r":0.7105263158,
      "f":0.7105263158
    },
    "obl:tmod":{
      "p":1.0,
      "r":0.375,
      "f":0.5454545455
    },
    "xcomp":{
      "p":0.9,
      "r":0.7058823529,
      "f":0.7912087912
    },
    "obl:loc":{
      "p":0.8444444444,
      "r":0.7450980392,
      "f":0.7916666667
    },
    "expl":{
      "p":0.9444444444,
      "r":0.8717948718,
      "f":0.9066666667
    },
    "list":{
      "p":0.5,
      "r":0.2352941176,
      "f":0.32
    },
    "vocative":{
      "p":0.0,
      "r":0.0,
      "f":0.0
    },
    "discourse":{
      "p":0.0,
      "r":0.0,
      "f":0.0
    },
    "goeswith":{
      "p":0.0,
      "r":0.0,
      "f":0.0
    }
  },
  "lemma_acc":0.8439450687,
  "ents_p":0.8627087199,
  "ents_r":0.8333333333,
  "ents_f":0.8477666363,
  "ents_per_type":{
    "MISC":{
      "p":0.7983193277,
      "r":0.7851239669,
      "f":0.7916666667
    },
    "PER":{
      "p":0.9337016575,
      "r":0.9388888889,
      "f":0.9362880886
    },
    "LOC":{
      "p":0.8514851485,
      "r":0.8958333333,
      "f":0.8730964467
    },
    "ORG":{
      "p":0.8333333333,
      "r":0.7142857143,
      "f":0.7692307692
    }
  },
  "speed":4164.7437121664
}