{
  "token_acc":0.9991508916,
  "token_p":0.9965066374,
  "token_r":0.9961089494,
  "token_f":0.9963077537,
  "pos_acc":0.9771739673,
  "morph_acc":0.9734778483,
  "morph_per_feat":{
    "NumType":{
      "p":0.9941176471,
      "r":0.9825581395,
      "f":0.9883040936
    },
    "Degree":{
      "p":0.9763779528,
      "r":0.9612403101,
      "f":0.96875
    },
    "Number":{
      "p":0.9880375961,
      "r":0.9777339346,
      "f":0.9828587619
    },
    "Definite":{
      "p":0.9865568083,
      "r":0.973470261,
      "f":0.9799698471
    },
    "Gender":{
      "p":0.9787083038,
      "r":0.9667017175,
      "f":0.9726679598
    },
    "Mood":{
      "p":0.9942418426,
      "r":0.9942418426,
      "f":0.9942418426
    },
    "Tense":{
      "p":0.985915493,
      "r":0.9820732658,
      "f":0.9839906287
    },
    "VerbForm":{
      "p":0.9886363636,
      "r":0.982434128,
      "f":0.9855254877
    },
    "Voice":{
      "p":0.994760479,
      "r":0.9910514541,
      "f":0.9929025028
    },
    "AdpType":{
      "p":0.9972093023,
      "r":0.9962825279,
      "f":0.9967456997
    },
    "PronType":{
      "p":0.9954504095,
      "r":0.9873646209,
      "f":0.9913910285
    },
    "Case":{
      "p":0.9984251969,
      "r":0.9829457364,
      "f":0.990625
    },
    "Person":{
      "p":0.9947735192,
      "r":0.9896013865,
      "f":0.9921807124
    },
    "Number[psor]":{
      "p":1.0,
      "r":1.0,
      "f":1.0
    },
    "Poss":{
      "p":1.0,
      "r":1.0,
      "f":1.0
    },
    "PartType":{
      "p":1.0,
      "r":0.9966442953,
      "f":0.9983193277
    },
    "Reflex":{
      "p":1.0,
      "r":1.0,
      "f":1.0
    },
    "Foreign":{
      "p":0.0,
      "r":0.0,
      "f":0.0
    },
    "Style":{
      "p":1.0,
      "r":1.0,
      "f":1.0
    },
    "Polite":{
      "p":0.0,
      "r":0.0,
      "f":0.0
    },
    "Abbr":{
      "p":0.3333333333,
      "r":0.5,
      "f":0.4
    }
  },
  "sents_p":0.863084922,
  "sents_r":0.8814159292,
  "sents_f":0.8721541156,
  "dep_uas":0.8778754877,
  "dep_las":0.8465614628,
  "dep_las_per_type":{
    "nummod":{
      "p":0.8378378378,
      "r":0.8157894737,
      "f":0.8266666667
    },
    "amod":{
      "p":0.876611418,
      "r":0.8717948718,
      "f":0.8741965106
    },
    "nmod":{
      "p":0.7539149888,
      "r":0.7422907489,
      "f":0.7480577137
    },
    "nsubj":{
      "p":0.905362776,
      "r":0.909186906,
      "f":0.9072708114
    },
    "flat":{
      "p":0.9255319149,
      "r":0.9255319149,
      "f":0.9255319149
    },
    "cc":{
      "p":0.845659164,
      "r":0.8679867987,
      "f":0.8566775244
    },
    "conj":{
      "p":0.7774566474,
      "r":0.7797101449,
      "f":0.7785817656
    },
    "root":{
      "p":0.8551724138,
      "r":0.8778761062,
      "f":0.8663755459
    },
    "advmod":{
      "p":0.8114285714,
      "r":0.7867036011,
      "f":0.7988748242
    },
    "mark":{
      "p":0.9255319149,
      "r":0.935483871,
      "f":0.9304812834
    },
    "aux":{
      "p":0.9003115265,
      "r":0.8892307692,
      "f":0.8947368421
    },
    "ccomp":{
      "p":0.6979166667,
      "r":0.8481012658,
      "f":0.7657142857
    },
    "case":{
      "p":0.920855615,
      "r":0.9044117647,
      "f":0.9125596184
    },
    "det":{
      "p":0.944333996,
      "r":0.9576612903,
      "f":0.950950951
    },
    "obl":{
      "p":0.8026533997,
      "r":0.7781350482,
      "f":0.7902040816
    },
    "nmod:poss":{
      "p":0.7053571429,
      "r":0.7247706422,
      "f":0.7149321267
    },
    "obj":{
      "p":0.8757062147,
      "r":0.8925143954,
      "f":0.8840304183
    },
    "cop":{
      "p":0.8547486034,
      "r":0.8693181818,
      "f":0.861971831
    },
    "acl:relcl":{
      "p":0.6806282723,
      "r":0.7103825137,
      "f":0.6951871658
    },
    "compound:prt":{
      "p":0.6551724138,
      "r":0.5588235294,
      "f":0.6031746032
    },
    "advcl":{
      "p":0.7708333333,
      "r":0.7047619048,
      "f":0.736318408
    },
    "fixed":{
      "p":0.9473684211,
      "r":0.8571428571,
      "f":0.9
    },
    "dep":{
      "p":0.0972222222,
      "r":0.2413793103,
      "f":0.1386138614
    },
    "iobj":{
      "p":0.75,
      "r":0.4,
      "f":0.5217391304
    },
    "appos":{
      "p":0.6363636364,
      "r":0.5526315789,
      "f":0.5915492958
    },
    "obl:tmod":{
      "p":0.7777777778,
      "r":0.4375,
      "f":0.56
    },
    "xcomp":{
      "p":0.75,
      "r":0.5294117647,
      "f":0.6206896552
    },
    "obl:loc":{
      "p":0.7735849057,
      "r":0.8039215686,
      "f":0.7884615385
    },
    "expl":{
      "p":0.8888888889,
      "r":0.8205128205,
      "f":0.8533333333
    },
    "list":{
      "p":0.4615384615,
      "r":0.3529411765,
      "f":0.4
    },
    "vocative":{
      "p":0.0,
      "r":0.0,
      "f":0.0
    },
    "discourse":{
      "p":0.0,
      "r":0.0,
      "f":0.0
    },
    "goeswith":{
      "p":0.0,
      "r":0.0,
      "f":0.0
    }
  },
  "lemma_acc":0.8439450687,
  "ents_p":0.7697841727,
  "ents_r":0.7670250896,
  "ents_f":0.7684021544,
  "ents_per_type":{
    "MISC":{
      "p":0.68,
      "r":0.7024793388,
      "f":0.6910569106
    },
    "PER":{
      "p":0.8655913978,
      "r":0.8944444444,
      "f":0.8797814208
    },
    "LOC":{
      "p":0.7678571429,
      "r":0.8958333333,
      "f":0.8269230769
    },
    "ORG":{
      "p":0.7218045113,
      "r":0.5962732919,
      "f":0.6530612245
    }
  },
  "speed":7916.6467205392
}