{
  "token_acc":0.9991508916,
  "token_p":0.9965066374,
  "token_r":0.9961089494,
  "token_f":0.9963077537,
  "pos_acc":0.9863136863,
  "morph_acc":0.9814185814,
  "morph_per_feat":{
    "NumType":{
      "p":1.0,
      "r":0.9418604651,
      "f":0.9700598802
    },
    "Degree":{
      "p":0.9728682171,
      "r":0.9728682171,
      "f":0.9728682171
    },
    "Number":{
      "p":0.9881255301,
      "r":0.9850620068,
      "f":0.9865913903
    },
    "Definite":{
      "p":0.9918209212,
      "r":0.9858793325,
      "f":0.9888412017
    },
    "Gender":{
      "p":0.9866008463,
      "r":0.980722047,
      "f":0.983652663
    },
    "Mood":{
      "p":1.0,
      "r":0.9961612284,
      "f":0.9980769231
    },
    "Tense":{
      "p":0.9952978056,
      "r":0.9898674981,
      "f":0.9925752247
    },
    "VerbForm":{
      "p":0.9949463045,
      "r":0.9880803011,
      "f":0.9915014164
    },
    "Voice":{
      "p":0.9977511244,
      "r":0.9925428784,
      "f":0.9951401869
    },
    "AdpType":{
      "p":1.0,
      "r":0.9972118959,
      "f":0.9986040019
    },
    "PronType":{
      "p":0.9936880072,
      "r":0.9945848375,
      "f":0.9941362201
    },
    "Case":{
      "p":0.998427673,
      "r":0.984496124,
      "f":0.9914129586
    },
    "Person":{
      "p":0.9982578397,
      "r":0.993067591,
      "f":0.9956559513
    },
    "Number[psor]":{
      "p":1.0,
      "r":1.0,
      "f":1.0
    },
    "Poss":{
      "p":1.0,
      "r":1.0,
      "f":1.0
    },
    "PartType":{
      "p":1.0,
      "r":1.0,
      "f":1.0
    },
    "Reflex":{
      "p":1.0,
      "r":1.0,
      "f":1.0
    },
    "Foreign":{
      "p":0.6666666667,
      "r":0.4,
      "f":0.5
    },
    "Style":{
      "p":1.0,
      "r":1.0,
      "f":1.0
    },
    "Polite":{
      "p":1.0,
      "r":0.6666666667,
      "f":0.8
    },
    "Abbr":{
      "p":1.0,
      "r":1.0,
      "f":1.0
    }
  },
  "sents_p":0.9679144385,
  "sents_r":0.9610619469,
  "sents_f":0.9644760213,
  "dep_uas":0.9050422617,
  "dep_las":0.881142524,
  "dep_las_per_type":{
    "nummod":{
      "p":0.8421052632,
      "r":0.8421052632,
      "f":0.8421052632
    },
    "amod":{
      "p":0.8801431127,
      "r":0.9010989011,
      "f":0.8904977376
    },
    "nmod":{
      "p":0.8030634573,
      "r":0.8083700441,
      "f":0.8057080132
    },
    "nsubj":{
      "p":0.9374337222,
      "r":0.9334741288,
      "f":0.9354497354
    },
    "flat":{
      "p":0.9555555556,
      "r":0.914893617,
      "f":0.9347826087
    },
    "cc":{
      "p":0.8966666667,
      "r":0.8877887789,
      "f":0.8922056385
    },
    "conj":{
      "p":0.8366762178,
      "r":0.8463768116,
      "f":0.8414985591
    },
    "root":{
      "p":0.9342806394,
      "r":0.9309734513,
      "f":0.9326241135
    },
    "advmod":{
      "p":0.8527777778,
      "r":0.8504155125,
      "f":0.8515950069
    },
    "mark":{
      "p":0.9336188437,
      "r":0.9376344086,
      "f":0.9356223176
    },
    "aux":{
      "p":0.9439252336,
      "r":0.9323076923,
      "f":0.9380804954
    },
    "ccomp":{
      "p":0.7472527473,
      "r":0.8607594937,
      "f":0.8
    },
    "case":{
      "p":0.9400428266,
      "r":0.9222689076,
      "f":0.9310710498
    },
    "det":{
      "p":0.9518072289,
      "r":0.9556451613,
      "f":0.953722334
    },
    "obl":{
      "p":0.8642384106,
      "r":0.8392282958,
      "f":0.8515497553
    },
    "nmod:poss":{
      "p":0.7735849057,
      "r":0.752293578,
      "f":0.7627906977
    },
    "obj":{
      "p":0.9324324324,
      "r":0.9270633397,
      "f":0.9297401347
    },
    "cop":{
      "p":0.8833333333,
      "r":0.9034090909,
      "f":0.893258427
    },
    "acl:relcl":{
      "p":0.7222222222,
      "r":0.7103825137,
      "f":0.7162534435
    },
    "compound:prt":{
      "p":0.7619047619,
      "r":0.4705882353,
      "f":0.5818181818
    },
    "advcl":{
      "p":0.7722772277,
      "r":0.7428571429,
      "f":0.7572815534
    },
    "fixed":{
      "p":0.962962963,
      "r":0.8253968254,
      "f":0.8888888889
    },
    "dep":{
      "p":0.1326530612,
      "r":0.4482758621,
      "f":0.2047244094
    },
    "iobj":{
      "p":0.9090909091,
      "r":0.6666666667,
      "f":0.7692307692
    },
    "appos":{
      "p":0.7878787879,
      "r":0.6842105263,
      "f":0.7323943662
    },
    "obl:tmod":{
      "p":1.0,
      "r":0.375,
      "f":0.5454545455
    },
    "xcomp":{
      "p":0.9428571429,
      "r":0.6470588235,
      "f":0.7674418605
    },
    "obl:loc":{
      "p":0.7407407407,
      "r":0.7843137255,
      "f":0.7619047619
    },
    "expl":{
      "p":0.9189189189,
      "r":0.8717948718,
      "f":0.8947368421
    },
    "list":{
      "p":0.3,
      "r":0.1764705882,
      "f":0.2222222222
    },
    "vocative":{
      "p":0.0,
      "r":0.0,
      "f":0.0
    },
    "discourse":{
      "p":0.0,
      "r":0.0,
      "f":0.0
    },
    "goeswith":{
      "p":0.0,
      "r":0.0,
      "f":0.0
    }
  },
  "lemma_acc":0.8439450687,
  "ents_p":0.8602941176,
  "ents_r":0.8387096774,
  "ents_f":0.8493647913,
  "ents_per_type":{
    "MISC":{
      "p":0.7578125,
      "r":0.8016528926,
      "f":0.7791164659
    },
    "PER":{
      "p":0.9289617486,
      "r":0.9444444444,
      "f":0.9366391185
    },
    "LOC":{
      "p":0.8073394495,
      "r":0.9166666667,
      "f":0.8585365854
    },
    "ORG":{
      "p":0.9112903226,
      "r":0.701863354,
      "f":0.7929824561
    }
  },
  "speed":4220.0788011296
}