{
  "token_acc":0.9991508916,
  "token_p":0.9965066374,
  "token_r":0.9961089494,
  "token_f":0.9963077537,
  "pos_acc":0.9592407592,
  "morph_acc":0.9577422577,
  "morph_per_feat":{
    "NumType":{
      "p":0.9939393939,
      "r":0.9534883721,
      "f":0.9732937685
    },
    "Degree":{
      "p":0.9677419355,
      "r":0.9302325581,
      "f":0.9486166008
    },
    "Number":{
      "p":0.9863053613,
      "r":0.9540586246,
      "f":0.9699140401
    },
    "Definite":{
      "p":0.9871053802,
      "r":0.9499358151,
      "f":0.9681639773
    },
    "Gender":{
      "p":0.9754954955,
      "r":0.9488257974,
      "f":0.9619758351
    },
    "Mood":{
      "p":0.9960861057,
      "r":0.9769673704,
      "f":0.9864341085
    },
    "Tense":{
      "p":0.98649722,
      "r":0.9680436477,
      "f":0.9771833202
    },
    "VerbForm":{
      "p":0.9884467266,
      "r":0.9661229611,
      "f":0.9771573604
    },
    "Voice":{
      "p":0.996948894,
      "r":0.9746457867,
      "f":0.9856711916
    },
    "AdpType":{
      "p":0.9990403071,
      "r":0.967472119,
      "f":0.9830028329
    },
    "PronType":{
      "p":0.9917203312,
      "r":0.9729241877,
      "f":0.9822323462
    },
    "Case":{
      "p":0.9935897436,
      "r":0.9612403101,
      "f":0.9771473601
    },
    "Person":{
      "p":0.9912280702,
      "r":0.979202773,
      "f":0.9851787271
    },
    "Number[psor]":{
      "p":0.987654321,
      "r":0.987654321,
      "f":0.987654321
    },
    "Poss":{
      "p":0.987654321,
      "r":0.987654321,
      "f":0.987654321
    },
    "PartType":{
      "p":1.0,
      "r":0.9697986577,
      "f":0.9846678024
    },
    "Reflex":{
      "p":0.9836065574,
      "r":0.9836065574,
      "f":0.9836065574
    },
    "Foreign":{
      "p":0.3333333333,
      "r":0.2,
      "f":0.25
    },
    "Style":{
      "p":1.0,
      "r":1.0,
      "f":1.0
    },
    "Polite":{
      "p":1.0,
      "r":0.6666666667,
      "f":0.8
    },
    "Abbr":{
      "p":1.0,
      "r":0.5,
      "f":0.6666666667
    }
  },
  "sents_p":0.8503401361,
  "sents_r":0.8849557522,
  "sents_f":0.8673026886,
  "dep_uas":0.8552137154,
  "dep_las":0.8236951799,
  "dep_las_per_type":{
    "nummod":{
      "p":0.8240740741,
      "r":0.7807017544,
      "f":0.8018018018
    },
    "amod":{
      "p":0.8606870229,
      "r":0.826007326,
      "f":0.8429906542
    },
    "nmod":{
      "p":0.71875,
      "r":0.7092511013,
      "f":0.7139689579
    },
    "nsubj":{
      "p":0.895810956,
      "r":0.8806758184,
      "f":0.8881789137
    },
    "flat":{
      "p":0.9277777778,
      "r":0.8882978723,
      "f":0.9076086957
    },
    "cc":{
      "p":0.8745762712,
      "r":0.8514851485,
      "f":0.8628762542
    },
    "conj":{
      "p":0.7558823529,
      "r":0.7449275362,
      "f":0.7503649635
    },
    "root":{
      "p":0.8461538462,
      "r":0.8761061947,
      "f":0.8608695652
    },
    "advmod":{
      "p":0.7862266858,
      "r":0.7590027701,
      "f":0.7723749119
    },
    "mark":{
      "p":0.9155844156,
      "r":0.9096774194,
      "f":0.9126213592
    },
    "aux":{
      "p":0.8920634921,
      "r":0.8646153846,
      "f":0.878125
    },
    "ccomp":{
      "p":0.7011494253,
      "r":0.7721518987,
      "f":0.734939759
    },
    "case":{
      "p":0.9058441558,
      "r":0.8792016807,
      "f":0.8923240938
    },
    "det":{
      "p":0.9287169043,
      "r":0.9193548387,
      "f":0.9240121581
    },
    "obl":{
      "p":0.7809847199,
      "r":0.7395498392,
      "f":0.759702725
    },
    "nmod:poss":{
      "p":0.7019230769,
      "r":0.6697247706,
      "f":0.6854460094
    },
    "obj":{
      "p":0.8242990654,
      "r":0.8464491363,
      "f":0.8352272727
    },
    "cop":{
      "p":0.8277777778,
      "r":0.8465909091,
      "f":0.8370786517
    },
    "acl:relcl":{
      "p":0.702247191,
      "r":0.6830601093,
      "f":0.6925207756
    },
    "compound:prt":{
      "p":0.619047619,
      "r":0.3823529412,
      "f":0.4727272727
    },
    "advcl":{
      "p":0.7474747475,
      "r":0.7047619048,
      "f":0.7254901961
    },
    "fixed":{
      "p":0.9811320755,
      "r":0.8253968254,
      "f":0.8965517241
    },
    "dep":{
      "p":0.1395348837,
      "r":0.4137931034,
      "f":0.2086956522
    },
    "iobj":{
      "p":0.5833333333,
      "r":0.4666666667,
      "f":0.5185185185
    },
    "appos":{
      "p":0.5238095238,
      "r":0.5789473684,
      "f":0.55
    },
    "obl:tmod":{
      "p":0.7,
      "r":0.4375,
      "f":0.5384615385
    },
    "xcomp":{
      "p":0.8571428571,
      "r":0.4705882353,
      "f":0.6075949367
    },
    "obl:loc":{
      "p":0.7407407407,
      "r":0.7843137255,
      "f":0.7619047619
    },
    "expl":{
      "p":0.9696969697,
      "r":0.8205128205,
      "f":0.8888888889
    },
    "list":{
      "p":0.3125,
      "r":0.2941176471,
      "f":0.303030303
    },
    "vocative":{
      "p":0.0,
      "r":0.0,
      "f":0.0
    },
    "discourse":{
      "p":0.0,
      "r":0.0,
      "f":0.0
    },
    "goeswith":{
      "p":0.0,
      "r":0.0,
      "f":0.0
    }
  },
  "lemma_acc":0.8439450687,
  "ents_p":0.7754716981,
  "ents_r":0.7365591398,
  "ents_f":0.7555147059,
  "ents_per_type":{
    "MISC":{
      "p":0.6974789916,
      "r":0.6859504132,
      "f":0.6916666667
    },
    "PER":{
      "p":0.8926553672,
      "r":0.8777777778,
      "f":0.8851540616
    },
    "LOC":{
      "p":0.6902654867,
      "r":0.8125,
      "f":0.7464114833
    },
    "ORG":{
      "p":0.7603305785,
      "r":0.5714285714,
      "f":0.6524822695
    }
  },
  "speed":9305.7275514851
}