{
  "token_acc":1.0,
  "token_p":1.0,
  "token_r":1.0,
  "token_f":1.0,
  "ents_p":0.7716827279,
  "ents_r":0.7844762622,
  "ents_f":0.7780269058,
  "ents_per_type":{
    "PERSON":{
      "p":0.818627451,
      "r":0.8743455497,
      "f":0.8455696203
    },
    "NORP":{
      "p":0.7714285714,
      "r":0.6585365854,
      "f":0.7105263158
    },
    "CARDINAL":{
      "p":0.8713450292,
      "r":0.8869047619,
      "f":0.8790560472
    },
    "QUANTITY":{
      "p":0.7,
      "r":0.75,
      "f":0.724137931
    },
    "FACILITY":{
      "p":0.6153846154,
      "r":0.64,
      "f":0.6274509804
    },
    "TIME":{
      "p":0.8,
      "r":0.8888888889,
      "f":0.8421052632
    },
    "ORGANIZATION":{
      "p":0.775,
      "r":0.7469879518,
      "f":0.7607361963
    },
    "DATE":{
      "p":0.7989130435,
      "r":0.8076923077,
      "f":0.8032786885
    },
    "ORDINAL":{
      "p":0.6153846154,
      "r":0.7272727273,
      "f":0.6666666667
    },
    "GPE":{
      "p":0.8346456693,
      "r":0.7851851852,
      "f":0.8091603053
    },
    "MONEY":{
      "p":0.9589041096,
      "r":0.9722222222,
      "f":0.9655172414
    },
    "WORK OF ART":{
      "p":0.4230769231,
      "r":0.5789473684,
      "f":0.4888888889
    },
    "LOCATION":{
      "p":0.6666666667,
      "r":0.7826086957,
      "f":0.72
    },
    "PRODUCT":{
      "p":0.5161290323,
      "r":0.5614035088,
      "f":0.5378151261
    },
    "LAW":{
      "p":0.6111111111,
      "r":0.6470588235,
      "f":0.6285714286
    },
    "EVENT":{
      "p":0.5,
      "r":0.4736842105,
      "f":0.4864864865
    },
    "PERCENT":{
      "p":1.0,
      "r":1.0,
      "f":1.0
    },
    "LANGUAGE":{
      "p":0.5555555556,
      "r":0.2941176471,
      "f":0.3846153846
    }
  },
  "speed":7028.1582455239
}