{
  "token_acc":1.0,
  "token_p":1.0,
  "token_r":1.0,
  "token_f":1.0,
  "ents_p":0.4767616192,
  "ents_r":0.2396382818,
  "ents_f":0.3189568706,
  "ents_per_type":{
    "CARDINAL":{
      "p":0.5182481752,
      "r":0.8452380952,
      "f":0.6425339367
    },
    "PERSON":{
      "p":0.3513513514,
      "r":0.0680628272,
      "f":0.1140350877
    },
    "NORP":{
      "p":0.0,
      "r":0.0,
      "f":0.0
    },
    "GPE":{
      "p":0.5080645161,
      "r":0.4666666667,
      "f":0.4864864865
    },
    "FACILITY":{
      "p":0.0,
      "r":0.0,
      "f":0.0
    },
    "QUANTITY":{
      "p":0.0,
      "r":0.0,
      "f":0.0
    },
    "DATE":{
      "p":0.5,
      "r":0.1978021978,
      "f":0.2834645669
    },
    "TIME":{
      "p":0.0,
      "r":0.0,
      "f":0.0
    },
    "ORGANIZATION":{
      "p":0.1789473684,
      "r":0.0682730924,
      "f":0.0988372093
    },
    "ORDINAL":{
      "p":0.0,
      "r":0.0,
      "f":0.0
    },
    "MONEY":{
      "p":0.7666666667,
      "r":0.6388888889,
      "f":0.696969697
    },
    "WORK OF ART":{
      "p":0.0,
      "r":0.0,
      "f":0.0
    },
    "LOCATION":{
      "p":0.0,
      "r":0.0,
      "f":0.0
    },
    "EVENT":{
      "p":0.0,
      "r":0.0,
      "f":0.0
    },
    "LAW":{
      "p":0.0,
      "r":0.0,
      "f":0.0
    },
    "PRODUCT":{
      "p":0.0,
      "r":0.0,
      "f":0.0
    },
    "PERCENT":{
      "p":0.2,
      "r":0.0769230769,
      "f":0.1111111111
    },
    "LANGUAGE":{
      "p":0.0,
      "r":0.0,
      "f":0.0
    }
  },
  "speed":15712.6210346854
}