{
  "token_acc":1.0,
  "token_p":1.0,
  "token_r":1.0,
  "token_f":1.0,
  "ents_p":0.8109939759,
  "ents_r":0.8116051243,
  "ents_f":0.811299435,
  "ents_per_type":{
    "PERSON":{
      "p":0.8797814208,
      "r":0.8429319372,
      "f":0.8609625668
    },
    "NORP":{
      "p":0.693877551,
      "r":0.8292682927,
      "f":0.7555555556
    },
    "CARDINAL":{
      "p":0.8895705521,
      "r":0.8630952381,
      "f":0.8761329305
    },
    "QUANTITY":{
      "p":0.7857142857,
      "r":0.7857142857,
      "f":0.7857142857
    },
    "FACILITY":{
      "p":0.5517241379,
      "r":0.64,
      "f":0.5925925926
    },
    "TIME":{
      "p":0.85,
      "r":0.9444444444,
      "f":0.8947368421
    },
    "ORGANIZATION":{
      "p":0.8493723849,
      "r":0.8152610442,
      "f":0.8319672131
    },
    "DATE":{
      "p":0.7727272727,
      "r":0.7472527473,
      "f":0.7597765363
    },
    "ORDINAL":{
      "p":0.5384615385,
      "r":0.6363636364,
      "f":0.5833333333
    },
    "GPE":{
      "p":0.8928571429,
      "r":0.9259259259,
      "f":0.9090909091
    },
    "MONEY":{
      "p":1.0,
      "r":1.0,
      "f":1.0
    },
    "WORK OF ART":{
      "p":0.4693877551,
      "r":0.6052631579,
      "f":0.5287356322
    },
    "LOCATION":{
      "p":0.7872340426,
      "r":0.8043478261,
      "f":0.7956989247
    },
    "PRODUCT":{
      "p":0.6166666667,
      "r":0.649122807,
      "f":0.6324786325
    },
    "EVENT":{
      "p":0.4444444444,
      "r":0.4210526316,
      "f":0.4324324324
    },
    "LAW":{
      "p":0.6666666667,
      "r":0.5882352941,
      "f":0.625
    },
    "PERCENT":{
      "p":1.0,
      "r":1.0,
      "f":1.0
    },
    "LANGUAGE":{
      "p":0.7857142857,
      "r":0.6470588235,
      "f":0.7096774194
    }
  },
  "speed":3563.6756667096
}