{
  "token_acc":1.0,
  "token_p":1.0,
  "token_r":1.0,
  "token_f":1.0,
  "ents_p":0.8108903606,
  "ents_r":0.8304446119,
  "ents_f":0.8205510052,
  "ents_per_type":{
    "PERSON":{
      "p":0.8615384615,
      "r":0.8795811518,
      "f":0.8704663212
    },
    "NORP":{
      "p":0.7115384615,
      "r":0.9024390244,
      "f":0.7956989247
    },
    "CARDINAL":{
      "p":0.8857142857,
      "r":0.9226190476,
      "f":0.9037900875
    },
    "QUANTITY":{
      "p":0.75,
      "r":0.75,
      "f":0.75
    },
    "FACILITY":{
      "p":0.7142857143,
      "r":0.8,
      "f":0.7547169811
    },
    "TIME":{
      "p":0.8333333333,
      "r":0.8333333333,
      "f":0.8333333333
    },
    "ORGANIZATION":{
      "p":0.828,
      "r":0.8313253012,
      "f":0.8296593186
    },
    "DATE":{
      "p":0.7606382979,
      "r":0.7857142857,
      "f":0.772972973
    },
    "PRODUCT":{
      "p":0.609375,
      "r":0.6842105263,
      "f":0.6446280992
    },
    "ORDINAL":{
      "p":0.6666666667,
      "r":0.7272727273,
      "f":0.6956521739
    },
    "GPE":{
      "p":0.8905109489,
      "r":0.9037037037,
      "f":0.8970588235
    },
    "MONEY":{
      "p":0.985915493,
      "r":0.9722222222,
      "f":0.979020979
    },
    "WORK OF ART":{
      "p":0.5555555556,
      "r":0.5263157895,
      "f":0.5405405405
    },
    "LOCATION":{
      "p":0.7948717949,
      "r":0.6739130435,
      "f":0.7294117647
    },
    "LANGUAGE":{
      "p":0.7894736842,
      "r":0.8823529412,
      "f":0.8333333333
    },
    "EVENT":{
      "p":0.5625,
      "r":0.4736842105,
      "f":0.5142857143
    },
    "LAW":{
      "p":0.5,
      "r":0.5294117647,
      "f":0.5142857143
    },
    "PERCENT":{
      "p":1.0,
      "r":1.0,
      "f":1.0
    }
  },
  "speed":1465.0822814242
}