{
  "token_acc":1.0,
  "token_p":1.0,
  "token_r":1.0,
  "token_f":1.0,
  "ents_p":0.8008982036,
  "ents_r":0.8063300678,
  "ents_f":0.8036049568,
  "ents_per_type":{
    "PERSON":{
      "p":0.8426395939,
      "r":0.8691099476,
      "f":0.8556701031
    },
    "NORP":{
      "p":0.6346153846,
      "r":0.8048780488,
      "f":0.7096774194
    },
    "CARDINAL":{
      "p":0.8875,
      "r":0.8452380952,
      "f":0.8658536585
    },
    "QUANTITY":{
      "p":0.7857142857,
      "r":0.7857142857,
      "f":0.7857142857
    },
    "FACILITY":{
      "p":0.5416666667,
      "r":0.52,
      "f":0.5306122449
    },
    "TIME":{
      "p":0.6956521739,
      "r":0.8888888889,
      "f":0.7804878049
    },
    "ORGANIZATION":{
      "p":0.8510638298,
      "r":0.8032128514,
      "f":0.826446281
    },
    "DATE":{
      "p":0.8032786885,
      "r":0.8076923077,
      "f":0.8054794521
    },
    "ORDINAL":{
      "p":0.6,
      "r":0.5454545455,
      "f":0.5714285714
    },
    "GPE":{
      "p":0.9495798319,
      "r":0.837037037,
      "f":0.8897637795
    },
    "MONEY":{
      "p":1.0,
      "r":1.0,
      "f":1.0
    },
    "WORK OF ART":{
      "p":0.5641025641,
      "r":0.5789473684,
      "f":0.5714285714
    },
    "LOCATION":{
      "p":0.6393442623,
      "r":0.847826087,
      "f":0.7289719626
    },
    "PRODUCT":{
      "p":0.5882352941,
      "r":0.701754386,
      "f":0.64
    },
    "EVENT":{
      "p":0.3846153846,
      "r":0.5263157895,
      "f":0.4444444444
    },
    "LAW":{
      "p":0.625,
      "r":0.5882352941,
      "f":0.6060606061
    },
    "PERCENT":{
      "p":1.0,
      "r":1.0,
      "f":1.0
    },
    "LANGUAGE":{
      "p":0.6,
      "r":0.3529411765,
      "f":0.4444444444
    }
  },
  "speed":3670.3697224143
}