{
  "token_acc":1.0,
  "token_p":1.0,
  "token_r":1.0,
  "token_f":1.0,
  "ents_p":0.811265545,
  "ents_r":0.8357196684,
  "ents_f":0.8233110616,
  "ents_per_type":{
    "PERSON":{
      "p":0.842364532,
      "r":0.8952879581,
      "f":0.8680203046
    },
    "NORP":{
      "p":0.6909090909,
      "r":0.9268292683,
      "f":0.7916666667
    },
    "CARDINAL":{
      "p":0.9053254438,
      "r":0.9107142857,
      "f":0.9080118694
    },
    "QUANTITY":{
      "p":0.6363636364,
      "r":0.75,
      "f":0.6885245902
    },
    "FACILITY":{
      "p":0.7586206897,
      "r":0.88,
      "f":0.8148148148
    },
    "TIME":{
      "p":0.8181818182,
      "r":1.0,
      "f":0.9
    },
    "ORGANIZATION":{
      "p":0.8326530612,
      "r":0.8192771084,
      "f":0.8259109312
    },
    "DATE":{
      "p":0.7708333333,
      "r":0.8131868132,
      "f":0.7914438503
    },
    "ORDINAL":{
      "p":0.7272727273,
      "r":0.7272727273,
      "f":0.7272727273
    },
    "GPE":{
      "p":0.9111111111,
      "r":0.9111111111,
      "f":0.9111111111
    },
    "MONEY":{
      "p":0.9583333333,
      "r":0.9583333333,
      "f":0.9583333333
    },
    "WORK OF ART":{
      "p":0.5517241379,
      "r":0.4210526316,
      "f":0.4776119403
    },
    "LOCATION":{
      "p":0.7058823529,
      "r":0.7826086957,
      "f":0.7422680412
    },
    "LANGUAGE":{
      "p":0.6153846154,
      "r":0.4705882353,
      "f":0.5333333333
    },
    "PRODUCT":{
      "p":0.6833333333,
      "r":0.7192982456,
      "f":0.7008547009
    },
    "EVENT":{
      "p":0.5789473684,
      "r":0.5789473684,
      "f":0.5789473684
    },
    "LAW":{
      "p":0.5625,
      "r":0.5294117647,
      "f":0.5454545455
    },
    "PERCENT":{
      "p":1.0,
      "r":1.0,
      "f":1.0
    }
  },
  "speed":1473.9448416623
}