{
  "token_acc":1.0,
  "token_p":1.0,
  "token_r":1.0,
  "token_f":1.0,
  "ents_p":0.427184466,
  "ents_r":0.2652599849,
  "ents_f":0.3272896327,
  "ents_per_type":{
    "CARDINAL":{
      "p":0.44,
      "r":0.8511904762,
      "f":0.5801217039
    },
    "PERSON":{
      "p":0.323943662,
      "r":0.2408376963,
      "f":0.2762762763
    },
    "NORP":{
      "p":0.0,
      "r":0.0,
      "f":0.0
    },
    "MONEY":{
      "p":0.5824175824,
      "r":0.7361111111,
      "f":0.6503067485
    },
    "ORGANIZATION":{
      "p":0.2894736842,
      "r":0.1325301205,
      "f":0.1818181818
    },
    "QUANTITY":{
      "p":0.0,
      "r":0.0,
      "f":0.0
    },
    "FACILITY":{
      "p":0.0,
      "r":0.0,
      "f":0.0
    },
    "TIME":{
      "p":0.0,
      "r":0.0,
      "f":0.0
    },
    "DATE":{
      "p":0.3882352941,
      "r":0.1813186813,
      "f":0.2471910112
    },
    "ORDINAL":{
      "p":0.0,
      "r":0.0,
      "f":0.0
    },
    "GPE":{
      "p":0.6615384615,
      "r":0.3185185185,
      "f":0.43
    },
    "WORK OF ART":{
      "p":0.0,
      "r":0.0,
      "f":0.0
    },
    "LOCATION":{
      "p":0.0,
      "r":0.0,
      "f":0.0
    },
    "EVENT":{
      "p":0.0,
      "r":0.0,
      "f":0.0
    },
    "LAW":{
      "p":0.0,
      "r":0.0,
      "f":0.0
    },
    "PRODUCT":{
      "p":0.0,
      "r":0.0,
      "f":0.0
    },
    "PERCENT":{
      "p":0.5,
      "r":0.0769230769,
      "f":0.1333333333
    },
    "LANGUAGE":{
      "p":0.0,
      "r":0.0,
      "f":0.0
    }
  },
  "speed":15773.762974252
}