{
  "token_acc":1.0,
  "token_p":1.0,
  "token_r":1.0,
  "token_f":1.0,
  "ents_p":0.7756315007,
  "ents_r":0.7867370008,
  "ents_f":0.7811447811,
  "ents_per_type":{
    "PERSON":{
      "p":0.8195121951,
      "r":0.8795811518,
      "f":0.8484848485
    },
    "NORP":{
      "p":0.7692307692,
      "r":0.7317073171,
      "f":0.75
    },
    "CARDINAL":{
      "p":0.8713450292,
      "r":0.8869047619,
      "f":0.8790560472
    },
    "QUANTITY":{
      "p":0.6470588235,
      "r":0.7857142857,
      "f":0.7096774194
    },
    "FACILITY":{
      "p":0.53125,
      "r":0.68,
      "f":0.5964912281
    },
    "TIME":{
      "p":0.7727272727,
      "r":0.9444444444,
      "f":0.85
    },
    "WORK OF ART":{
      "p":0.4107142857,
      "r":0.6052631579,
      "f":0.4893617021
    },
    "ORGANIZATION":{
      "p":0.8372093023,
      "r":0.7228915663,
      "f":0.775862069
    },
    "DATE":{
      "p":0.7880434783,
      "r":0.7967032967,
      "f":0.7923497268
    },
    "ORDINAL":{
      "p":0.5,
      "r":0.6363636364,
      "f":0.56
    },
    "GPE":{
      "p":0.8057553957,
      "r":0.8296296296,
      "f":0.8175182482
    },
    "MONEY":{
      "p":0.9589041096,
      "r":0.9722222222,
      "f":0.9655172414
    },
    "LOCATION":{
      "p":0.6808510638,
      "r":0.6956521739,
      "f":0.688172043
    },
    "PRODUCT":{
      "p":0.5593220339,
      "r":0.5789473684,
      "f":0.5689655172
    },
    "LAW":{
      "p":0.6315789474,
      "r":0.7058823529,
      "f":0.6666666667
    },
    "EVENT":{
      "p":0.5294117647,
      "r":0.4736842105,
      "f":0.5
    },
    "PERCENT":{
      "p":1.0,
      "r":1.0,
      "f":1.0
    },
    "LANGUAGE":{
      "p":0.7142857143,
      "r":0.2941176471,
      "f":0.4166666667
    }
  },
  "speed":7328.0002185293
}