,wall_time,token_acc,token_p,token_r,token_f,pos_acc,tag_acc,ents_p,ents_r,ents_f,ents_per_type_MISC_p,ents_per_type_MISC_r,ents_per_type_MISC_f,ents_per_type_PER_p,ents_per_type_PER_r,ents_per_type_PER_f,ents_per_type_LOC_p,ents_per_type_LOC_r,ents_per_type_LOC_f,ents_per_type_ORG_p,ents_per_type_ORG_r,ents_per_type_ORG_f,ents_excl_MISC_ents_p,ents_excl_MISC_ents_r,ents_excl_MISC_ents_f,k,model,augmenter,i
0,1.825446605682373,0.999150891563858,0.996506637388961,0.9961089494163424,0.9963077537171939,0.0,0.9815166350284744,0.77737881508079,0.7759856630824373,0.7766816143497757,0.7256637168141593,0.6776859504132231,0.7008547008547009,0.8864864864864865,0.9111111111111111,0.8986301369863013,0.7672413793103449,0.9270833333333334,0.839622641509434,0.6853146853146853,0.6086956521739131,0.6447368421052632,0.7905405405405406,0.8032036613272311,0.7968217934165721,0,dacy_medium,No augmentation,0
