,wall_time,token_acc,token_p,token_r,token_f,pos_acc,tag_acc,ents_p,ents_r,ents_f,ents_per_type_MISC_p,ents_per_type_MISC_r,ents_per_type_MISC_f,ents_per_type_PER_p,ents_per_type_PER_r,ents_per_type_PER_f,ents_per_type_LOC_p,ents_per_type_LOC_r,ents_per_type_LOC_f,ents_per_type_ORG_p,ents_per_type_ORG_r,ents_per_type_ORG_f,ents_excl_MISC_ents_p,ents_excl_MISC_ents_r,ents_excl_MISC_ents_f,k,model,augmenter,i
0,2.927086114883423,0.999150891563858,0.996506637388961,0.9961089494163424,0.9963077537171939,0.0,0.9836671494930322,0.8547794117647058,0.8333333333333334,0.8439201451905626,0.7709923664122137,0.8347107438016529,0.8015873015873016,0.9333333333333333,0.9333333333333333,0.9333333333333333,0.7981651376146789,0.90625,0.848780487804878,0.8790322580645161,0.6770186335403726,0.7649122807017543,0.8813559322033898,0.8329519450800915,0.8564705882352942,0,dacy_large,No augmentation,0
