,token_acc,token_p,token_r,token_f,pos_acc,tag_acc,ents_p,ents_r,ents_f,ents_per_type_PER_p,ents_per_type_PER_r,ents_per_type_PER_f,ents_per_type_LOC_p,ents_per_type_LOC_r,ents_per_type_LOC_f,ents_per_type_MISC_p,ents_per_type_MISC_r,ents_per_type_MISC_f,ents_per_type_ORG_p,ents_per_type_ORG_r,ents_per_type_ORG_f,ents_excl_MISC_ents_p,ents_excl_MISC_ents_r,ents_excl_MISC_ents_f,k,model,augmenter,i
0,0.999150891563858,0.996506637388961,0.9961089494163424,0.9963077537171939,0.0,0.9815166350284744,0.77737881508079,0.7759856630824373,0.7766816143497757,0.8864864864864865,0.9111111111111111,0.8986301369863013,0.7672413793103449,0.9270833333333334,0.839622641509434,0.7256637168141593,0.6776859504132231,0.7008547008547009,0.6853146853146853,0.6086956521739131,0.6447368421052632,0.7905405405405406,0.8032036613272311,0.7968217934165721,0,dacy_medium,No augmentation,0
0,0.999150891563858,0.996506637388961,0.9961089494163424,0.9963077537171939,0.0,0.978423733892718,0.8033395176252319,0.7759856630824373,0.789425706472197,0.8967391304347826,0.9166666666666666,0.9065934065934065,0.8018867924528302,0.8854166666666666,0.8415841584158416,0.7433628318584071,0.6942148760330579,0.7179487179487178,0.7279411764705882,0.6149068322981367,0.6666666666666667,0.8192488262910798,0.7986270022883295,0.8088064889918887,0,dacy_medium,Input size augmentation 5 sentences,2
0,0.999150891563858,0.996506637388961,0.9961089494163424,0.9963077537171939,0.0,0.9792717646471205,0.7988826815642458,0.7688172043010753,0.7835616438356164,0.8817204301075269,0.9111111111111111,0.8961748633879781,0.7747747747747747,0.8958333333333334,0.8309178743961353,0.7387387387387387,0.6776859504132231,0.706896551724138,0.751937984496124,0.6024844720496895,0.6689655172413792,0.8145539906103286,0.7940503432494279,0.8041714947856317,0,dacy_medium,Input size augmentation 10 sentences,2
