,token_acc,token_p,token_r,token_f,pos_acc,tag_acc,ents_p,ents_r,ents_f,ents_per_type_PER_p,ents_per_type_PER_r,ents_per_type_PER_f,ents_per_type_LOC_p,ents_per_type_LOC_r,ents_per_type_LOC_f,ents_per_type_MISC_p,ents_per_type_MISC_r,ents_per_type_MISC_f,ents_per_type_ORG_p,ents_per_type_ORG_r,ents_per_type_ORG_f,ents_excl_MISC_ents_p,ents_excl_MISC_ents_r,ents_excl_MISC_ents_f,k,model,augmenter,i
0,0.999150891563858,0.996506637388961,0.9961089494163424,0.9963077537171939,0.0,0.9774714021679405,0.7527675276752768,0.7311827956989247,0.7418181818181818,0.8655913978494624,0.8944444444444445,0.8797814207650273,0.7387387387387387,0.8541666666666666,0.7922705314009663,0.6212121212121212,0.6776859504132231,0.6482213438735178,0.7345132743362832,0.515527950310559,0.6058394160583942,0.7951219512195122,0.7459954233409611,0.769775678866588,0,dacy_small,No augmentation,0
0,0.999150891563858,0.996506637388961,0.9961089494163424,0.9963077537171939,0.0,0.9758753309025523,0.7656826568265682,0.7437275985663082,0.7545454545454544,0.839572192513369,0.8722222222222222,0.8555858310626703,0.7476635514018691,0.8333333333333334,0.7881773399014778,0.6742424242424242,0.7355371900826446,0.7035573122529644,0.7672413793103449,0.5527950310559007,0.6425992779783395,0.7951219512195122,0.7459954233409611,0.769775678866588,0,dacy_small,Input size augmentation 5 sentences,2
0,0.999150891563858,0.996506637388961,0.9961089494163424,0.9963077537171939,0.0,0.9768742820038959,0.7777777777777778,0.7526881720430108,0.7650273224043715,0.8688524590163934,0.8833333333333333,0.8760330578512396,0.7706422018348624,0.875,0.8195121951219513,0.6875,0.7272727272727273,0.7068273092369478,0.7416666666666667,0.5527950310559007,0.6334519572953736,0.8058252427184466,0.7597254004576659,0.7820965842167256,0,dacy_small,Input size augmentation 10 sentences,2
