,wall_time,token_acc,token_p,token_r,token_f,pos_acc,tag_acc,ents_p,ents_r,ents_f,ents_per_type_MISC_p,ents_per_type_MISC_r,ents_per_type_MISC_f,ents_per_type_PER_p,ents_per_type_PER_r,ents_per_type_PER_f,ents_per_type_LOC_p,ents_per_type_LOC_r,ents_per_type_LOC_f,ents_per_type_ORG_p,ents_per_type_ORG_r,ents_per_type_ORG_f,ents_excl_MISC_ents_p,ents_excl_MISC_ents_r,ents_excl_MISC_ents_f,k,model,augmenter,i
0,1.517282247543335,0.999150891563858,0.996506637388961,0.9961089494163424,0.9963077537171939,0.0,0.9774714021679405,0.7527675276752768,0.7311827956989247,0.7418181818181818,0.6212121212121212,0.6776859504132231,0.6482213438735178,0.8655913978494624,0.8944444444444445,0.8797814207650273,0.7387387387387387,0.8541666666666666,0.7922705314009663,0.7345132743362832,0.515527950310559,0.6058394160583942,0.7951219512195122,0.7459954233409611,0.769775678866588,0,dacy_small,No augmentation,0
