,token_acc,token_p,token_r,token_f,pos_acc,tag_acc,ents_p,ents_r,ents_f,ents_per_type_PER_p,ents_per_type_PER_r,ents_per_type_PER_f,ents_per_type_LOC_p,ents_per_type_LOC_r,ents_per_type_LOC_f,ents_per_type_MISC_p,ents_per_type_MISC_r,ents_per_type_MISC_f,ents_per_type_ORG_p,ents_per_type_ORG_r,ents_per_type_ORG_f,ents_excl_MISC_ents_p,ents_excl_MISC_ents_r,ents_excl_MISC_ents_f,k,model,augmenter,i
0,0.999150891563858,0.996506637388961,0.9961089494163424,0.9963077537171939,0.0,0.0,0.855072463768116,0.6344086021505376,0.728395061728395,0.9175824175824175,0.9277777777777778,0.9226519337016573,0.7889908256880734,0.8958333333333334,0.8390243902439025,0.0,0.0,0.0,0.8211382113821138,0.6273291925465838,0.7112676056338029,0.855072463768116,0.8100686498855835,0.8319623971797885,0,danlp_bert,No augmentation,0
0,0.999150891563858,0.996506637388961,0.9961089494163424,0.9963077537171939,0.0,0.0,0.8072289156626506,0.600358422939068,0.6885919835560124,0.8082901554404145,0.8666666666666667,0.8364611260053619,0.8349514563106796,0.8958333333333334,0.864321608040201,0.0,0.0,0.0,0.7815126050420168,0.577639751552795,0.6642857142857143,0.8072289156626506,0.7665903890160183,0.7863849765258217,0,danlp_bert,Input size augmentation 5 sentences,2
0,0.999150891563858,0.996506637388961,0.9961089494163424,0.9963077537171939,0.0,0.0,0.6346153846153846,0.4731182795698925,0.5420944558521561,0.5391304347826087,0.6888888888888889,0.6048780487804878,0.851063829787234,0.8333333333333334,0.8421052631578947,0.0,0.0,0.0,0.6521739130434783,0.37267080745341613,0.4743083003952569,0.6346153846153846,0.6041189931350115,0.6189917936694022,0,danlp_bert,Input size augmentation 10 sentences,2
