,token_acc,token_p,token_r,token_f,pos_acc,tag_acc,ents_p,ents_r,ents_f,ents_per_type_PER_p,ents_per_type_PER_r,ents_per_type_PER_f,ents_per_type_LOC_p,ents_per_type_LOC_r,ents_per_type_LOC_f,ents_per_type_MISC_p,ents_per_type_MISC_r,ents_per_type_MISC_f,ents_per_type_ORG_p,ents_per_type_ORG_r,ents_per_type_ORG_f,ents_excl_MISC_ents_p,ents_excl_MISC_ents_r,ents_excl_MISC_ents_f,k,model,augmenter,i
0,0.999150891563858,0.3923545263998403,0.3921979447271276,0.3922762199381299,0.0,0.0,0.888283378746594,0.5842293906810035,0.7048648648648649,0.9135135135135135,0.9388888888888889,0.9260273972602739,0.8526315789473684,0.84375,0.8481675392670157,0.0,0.0,0.0,0.8735632183908046,0.4720496894409938,0.6129032258064516,0.888283378746594,0.7459954233409611,0.8109452736318408,0,flair,No augmentation,0
0,0.999150891563858,0.10539974049306318,0.10535767734211314,0.10537870472008781,0.0,0.0,0.8947368421052632,0.578853046594982,0.7029379760609358,0.912568306010929,0.9277777777777778,0.9201101928374655,0.8804347826086957,0.84375,0.8617021276595744,0.0,0.0,0.0,0.872093023255814,0.4658385093167702,0.6072874493927126,0.8947368421052632,0.7391304347826086,0.8095238095238095,0,flair,Input size augmentation 5 sentences,2
0,0.999150891563858,0.06906876933825731,0.06904120522797566,0.0690549845324818,0.0,0.0,0.8969359331476323,0.5770609318996416,0.7022900763358779,0.907608695652174,0.9277777777777778,0.9175824175824175,0.898876404494382,0.8333333333333334,0.8648648648648649,0.0,0.0,0.0,0.872093023255814,0.4658385093167702,0.6072874493927126,0.8969359331476323,0.7368421052631579,0.8090452261306533,0,flair,Input size augmentation 10 sentences,2
