,token_acc,token_p,token_r,token_f,pos_acc,ents_p,ents_r,ents_f,ents_per_type_MISC_p,ents_per_type_MISC_r,ents_per_type_MISC_f,ents_per_type_PER_p,ents_per_type_PER_r,ents_per_type_PER_f,ents_per_type_ORG_p,ents_per_type_ORG_r,ents_per_type_ORG_f,ents_per_type_LOC_p,ents_per_type_LOC_r,ents_per_type_LOC_f,k,model,augmenter,i
0,0.9991544391942302,0.9965212205546168,0.9961251862891207,0.9963231640663818,0.0,0.003947979563399907,0.03046594982078853,0.0069901315789473685,0.001375515818431912,0.008264462809917356,0.002358490566037736,0.0032615786040443573,0.027777777777777776,0.005837711617046118,0.008985879332477536,0.043478260869565216,0.014893617021276596,0.0031570639305445935,0.041666666666666664,0.005869405722670579,0,nerda_bert,Female names augmentation,0
0,0.9991544391942302,0.9965212205546168,0.9961251862891207,0.9963231640663818,0.0,0.003022552894675657,0.023297491039426525,0.005350895245935378,0.0013513513513513514,0.008264462809917356,0.00232288037166086,0.001326259946949602,0.011111111111111112,0.0023696682464454974,0.009150326797385621,0.043478260869565216,0.01511879049676026,0.002329192546583851,0.03125,0.004335260115606937,0,nerda_bert,Male names augmentation,1
0,0.998750811972218,0.9949096716239145,0.994512620971765,0.9947111066759804,0.0,0.0034891835310537334,0.026881720430107527,0.006176652254478073,0.0013386880856760374,0.008264462809917356,0.002304147465437788,0.0019815059445178335,0.016666666666666666,0.0035419126328217238,0.00902061855670103,0.043478260869565216,0.01494130202774813,0.003169572107765452,0.041666666666666664,0.0058910162002945516,0,nerda_bert,Abbreviated names augmentation,2
0,0.999150891563858,0.996506637388961,0.9961089494163424,0.9963077537171939,0.0,0.001952362358453729,0.008960573476702509,0.003206155819172811,0.0,0.0,0.0,0.0019505851755526658,0.016666666666666666,0.0034924330616996502,0.004830917874396135,0.012422360248447204,0.006956521739130434,0.0,0.0,0.0,0,nerda_bert,Input size augmentation 5 sentences,6
0,0.999150891563858,0.996506637388961,0.9961089494163424,0.9963077537171939,0.0,0.0014825796886582653,0.0035842293906810036,0.002097535395909806,0.0,0.0,0.0,0.0022935779816513763,0.011111111111111112,0.003802281368821293,0.0,0.0,0.0,0.0,0.0,0.0,0,nerda_bert,Input size augmentation 10 sentences,11
