,token_acc,token_p,token_r,token_f,pos_acc,ents_p,ents_r,ents_f,ents_per_type_ORG_p,ents_per_type_ORG_r,ents_per_type_ORG_f,ents_per_type_PER_p,ents_per_type_PER_r,ents_per_type_PER_f,ents_per_type_LOC_p,ents_per_type_LOC_r,ents_per_type_LOC_f,ents_per_type_MISC_p,ents_per_type_MISC_r,ents_per_type_MISC_f,k,model,augmenter,i
0,0.999150891563858,0.996506637388961,0.9961089494163424,0.9963077537171939,0.0,0.0052363235496761746,0.06810035842293907,0.009724888035828534,0.012539184952978056,0.024844720496894408,0.016666666666666663,0.002004008016032064,0.022222222222222223,0.003676470588235294,0.005593536357986327,0.09375,0.010557184750733136,0.0063006300630063005,0.17355371900826447,0.01215981470758541,0,nerda_bert,No augmentation,0
