,wall_time,token_acc,token_p,token_r,token_f,pos_acc,tag_acc,ents_p,ents_r,ents_f,ents_per_type_MISC_p,ents_per_type_MISC_r,ents_per_type_MISC_f,ents_per_type_PER_p,ents_per_type_PER_r,ents_per_type_PER_f,ents_per_type_LOC_p,ents_per_type_LOC_r,ents_per_type_LOC_f,ents_per_type_ORG_p,ents_per_type_ORG_r,ents_per_type_ORG_f,ents_excl_MISC_ents_p,ents_excl_MISC_ents_r,ents_excl_MISC_ents_f,k,model,augmenter,i
0,1.3631999492645264,0.999150891563858,0.996506637388961,0.9961089494163424,0.9963077537171939,0.9479572470282689,0.9479572470282689,0.7192622950819673,0.6290322580645161,0.6711281070745698,0.68,0.5619834710743802,0.6153846153846154,0.7684210526315789,0.8111111111111111,0.7891891891891891,0.6732673267326733,0.7083333333333334,0.6903553299492386,0.711340206185567,0.42857142857142855,0.5348837209302325,0.729381443298969,0.6475972540045767,0.686060606060606,0,spacy_small,No augmentation,0
