,token_acc,token_p,token_r,token_f,pos_acc,tag_acc,ents_p,ents_r,ents_f,ents_per_type_PER_p,ents_per_type_PER_r,ents_per_type_PER_f,ents_per_type_LOC_p,ents_per_type_LOC_r,ents_per_type_LOC_f,ents_per_type_MISC_p,ents_per_type_MISC_r,ents_per_type_MISC_f,ents_per_type_ORG_p,ents_per_type_ORG_r,ents_per_type_ORG_f,ents_excl_MISC_ents_p,ents_excl_MISC_ents_r,ents_excl_MISC_ents_f,k,model,augmenter,i
0,0.999150891563858,0.996506637388961,0.9961089494163424,0.9963077537171939,0.9630406552791929,0.9630406552791929,0.7898832684824902,0.7275985663082437,0.7574626865671642,0.826530612244898,0.9,0.8617021276595744,0.8018867924528302,0.8854166666666666,0.8415841584158416,0.6846846846846847,0.628099173553719,0.6551724137931034,0.8217821782178217,0.515527950310559,0.6335877862595419,0.8188585607940446,0.7551487414187643,0.7857142857142858,0,spacy_large,No augmentation,0
0,0.999150891563858,0.996506637388961,0.9961089494163424,0.9963077537171939,0.9625412046748577,0.9625412046748577,0.79296875,0.7275985663082437,0.7588785046728972,0.8307692307692308,0.9,0.8640000000000001,0.794392523364486,0.8854166666666666,0.8374384236453202,0.6846846846846847,0.628099173553719,0.6551724137931034,0.8383838383838383,0.515527950310559,0.6384615384615384,0.8229426433915212,0.7551487414187643,0.7875894988066826,0,spacy_large,Input size augmentation 5 sentences,2
0,0.999150891563858,0.996506637388961,0.9961089494163424,0.9963077537171939,0.9625412046748577,0.9625412046748577,0.79296875,0.7275985663082437,0.7588785046728972,0.8307692307692308,0.9,0.8640000000000001,0.794392523364486,0.8854166666666666,0.8374384236453202,0.6846846846846847,0.628099173553719,0.6551724137931034,0.8383838383838383,0.515527950310559,0.6384615384615384,0.8229426433915212,0.7551487414187643,0.7875894988066826,0,spacy_large,Input size augmentation 10 sentences,2
