,wall_time,token_acc,token_p,token_r,token_f,pos_acc,tag_acc,ents_p,ents_r,ents_f,ents_per_type_MISC_p,ents_per_type_MISC_r,ents_per_type_MISC_f,ents_per_type_PER_p,ents_per_type_PER_r,ents_per_type_PER_f,ents_per_type_LOC_p,ents_per_type_LOC_r,ents_per_type_LOC_f,ents_per_type_ORG_p,ents_per_type_ORG_r,ents_per_type_ORG_f,ents_excl_MISC_ents_p,ents_excl_MISC_ents_r,ents_excl_MISC_ents_f,k,model,augmenter,i
0,1.206651210784912,0.999150891563858,0.996506637388961,0.9961089494163424,0.9963077537171939,0.9571471381480372,0.9571471381480372,0.7606177606177607,0.7060931899641577,0.7323420074349443,0.6548672566371682,0.6115702479338843,0.6324786324786326,0.8253968253968254,0.8666666666666667,0.8455284552845528,0.7207207207207207,0.8333333333333334,0.7729468599033817,0.8,0.5217391304347826,0.6315789473684211,0.7901234567901234,0.7322654462242563,0.7600950118764845,0,spacy_medium,No augmentation,0
