,token_acc,token_p,token_r,token_f,pos_acc,tag_acc,ents_p,ents_r,ents_f,ents_per_type_PER_p,ents_per_type_PER_r,ents_per_type_PER_f,ents_per_type_LOC_p,ents_per_type_LOC_r,ents_per_type_LOC_f,ents_per_type_MISC_p,ents_per_type_MISC_r,ents_per_type_MISC_f,ents_per_type_ORG_p,ents_per_type_ORG_r,ents_per_type_ORG_f,ents_excl_MISC_ents_p,ents_excl_MISC_ents_r,ents_excl_MISC_ents_f,k,model,augmenter,i
0,0.999150891563858,0.996506637388961,0.9961089494163424,0.9963077537171939,0.9571471381480372,0.9571471381480372,0.7606177606177607,0.7060931899641577,0.7323420074349443,0.8253968253968254,0.8666666666666667,0.8455284552845528,0.7207207207207207,0.8333333333333334,0.7729468599033817,0.6548672566371682,0.6115702479338843,0.6324786324786326,0.8,0.5217391304347826,0.6315789473684211,0.7901234567901234,0.7322654462242563,0.7600950118764845,0,spacy_medium,No augmentation,0
0,0.999150891563858,0.996506637388961,0.9961089494163424,0.9963077537171939,0.9575466986315054,0.9575466986315054,0.7655038759689923,0.7078853046594982,0.7355679702048417,0.8440860215053764,0.8722222222222222,0.8579234972677596,0.7272727272727273,0.8333333333333334,0.7766990291262137,0.6491228070175439,0.6115702479338843,0.6297872340425532,0.7924528301886793,0.5217391304347826,0.6292134831460675,0.7985074626865671,0.7345537757437071,0.765196662693683,0,spacy_medium,Input size augmentation 5 sentences,2
0,0.999150891563858,0.996506637388961,0.9961089494163424,0.9963077537171939,0.9571471381480372,0.9571471381480372,0.7689320388349514,0.7096774193548387,0.7381174277726001,0.8404255319148937,0.8777777777777778,0.858695652173913,0.7339449541284404,0.8333333333333334,0.7804878048780488,0.6548672566371682,0.6115702479338843,0.6324786324786326,0.8,0.5217391304347826,0.6315789473684211,0.8009950248756219,0.7368421052631579,0.767580452920143,0,spacy_medium,Input size augmentation 10 sentences,2
