,token_acc,token_p,token_r,token_f,pos_acc,tag_acc,ents_p,ents_r,ents_f,ents_per_type_PER_p,ents_per_type_PER_r,ents_per_type_PER_f,ents_per_type_LOC_p,ents_per_type_LOC_r,ents_per_type_LOC_f,ents_per_type_MISC_p,ents_per_type_MISC_r,ents_per_type_MISC_f,ents_per_type_ORG_p,ents_per_type_ORG_r,ents_per_type_ORG_f,ents_excl_MISC_ents_p,ents_excl_MISC_ents_r,ents_excl_MISC_ents_f,k,model,augmenter,i
0,0.999150891563858,0.996506637388961,0.9961089494163424,0.9963077537171939,0.0,0.9836671494930322,0.8547794117647058,0.8333333333333334,0.8439201451905626,0.9333333333333333,0.9333333333333333,0.9333333333333333,0.7981651376146789,0.90625,0.848780487804878,0.7709923664122137,0.8347107438016529,0.8015873015873016,0.8790322580645161,0.6770186335403726,0.7649122807017543,0.8813559322033898,0.8329519450800915,0.8564705882352942,0,stanza,No augmentation,0
0,0.999150891563858,0.996506637388961,0.9961089494163424,0.9963077537171939,0.0,0.9847152847152847,0.8594890510948905,0.8440860215053764,0.8517179023508137,0.9555555555555556,0.9555555555555556,0.9555555555555556,0.7889908256880734,0.8958333333333334,0.8390243902439025,0.7727272727272727,0.8429752066115702,0.8063241106719367,0.8740157480314961,0.6894409937888198,0.7708333333333333,0.8870192307692307,0.8443935926773455,0.8651817116060961,0,stanza,Input size augmentation 5 sentences,2
0,0.999150891563858,0.996506637388961,0.9961089494163424,0.9963077537171939,0.0,0.9838653279384585,0.8579234972677595,0.8440860215053764,0.8509485094850948,0.9606741573033708,0.95,0.9553072625698323,0.7889908256880734,0.8958333333333334,0.8390243902439025,0.7709923664122137,0.8347107438016529,0.8015873015873016,0.8625954198473282,0.7018633540372671,0.773972602739726,0.8851674641148325,0.8466819221967964,0.8654970760233919,0,stanza,Input size augmentation 10 sentences,2
